epoch,iter,loss0,reg,loss,acc,srpq,w_value
1,1,0.287281,0.69115,0.016486641250000003,1.0,0.5009994,0.002
1,2,0.302508,0.691104,0.01648935125,1.0,0.5010225,0.002
1,3,0.30294,0.691063,0.01648849275,1.0,0.5010429,0.002
1,4,0.302492,0.691026,0.016487484,1.0,0.5010619,0.002
1,1,0.28728,0.691151,0.0156227145,1.0,0.5009992,0.002
1,2,0.302595,0.691106,0.015625528,1.0,0.5010218,0.002
1,3,0.302758,0.691066,0.01562466675,1.0,0.5010418,0.002
1,4,0.30231,0.691031,0.015623767,1.0,0.5010594,0.002
1,5,0.292221,0.691008,0.01562073475,1.0,0.5010707,0.002
1,6,0.300612,0.690964,0.015621844499999999,1.0,0.5010927,0.002
1,7,0.302923,0.690944,0.01562197825,1.0,0.5011026,0.002
1,8,0.297239,0.69089,0.01561933175,1.0,0.5011299,0.002
1,9,0.29749,0.690868,0.01561889975,1.0,0.5011409,0.002
1,10,0.302577,0.690825,0.0156192005,1.0,0.5011626,0.002
1,1,0.287267,0.691151,0.013894833,1.0,0.5009992,0.002
1,2,0.303647,0.691103,0.01389796775,1.0,0.5010232,0.002
1,3,0.301437,0.691075,0.0138968675,1.0,0.501037,0.002
1,4,0.302203,0.691048,0.013896508750000001,1.0,0.5010507,0.002
1,5,0.290732,0.69102,0.013893079000000001,1.0,0.5010648,0.002
1,6,0.298041,0.690996,0.01389443625,1.0,0.5010766,0.002
1,7,0.300258,0.690964,0.013894335249999999,1.0,0.501093,0.002
1,8,0.293625,0.690941,0.0138922175,1.0,0.5011045,0.002
1,9,0.292719,0.690909,0.01389136725,1.0,0.5011202,0.002
1,1,0.287271,0.691151,0.0121669685,1.0,0.5009989,0.002
1,2,0.302695,0.691131,0.01217046675,1.0,0.5010091,0.002
1,3,0.301496,0.691105,0.012169717500000002,1.0,0.501022,0.002
1,4,0.299754,0.691086,0.012168944249999999,1.0,0.5010316,0.002
1,5,0.287721,0.691066,0.01216559125,1.0,0.5010415,0.002
1,6,0.295386,0.691048,0.012167185,1.0,0.5010507,0.002
1,7,0.295269,0.691046,0.01216712375,1.0,0.5010517,0.002
1,8,0.287321,0.691033,0.012164906999999999,1.0,0.5010582,0.002
1,9,0.28698,0.691019,0.01216457275,1.0,0.5010654,0.002
1,10,0.290368,0.691013,0.0121653185,1.0,0.5010683,0.002
1,11,0.287327,0.690995,0.01216424075,1.0,0.5010774,0.002
1,12,0.282019,0.690996,0.0121629315,1.0,0.5010768,0.002
1,13,0.281573,0.690973,0.01216241675,1.0,0.5010884,0.002
1,14,0.282298,0.690969,0.012162535,1.0,0.5010902,0.002
1,15,0.279321,0.690965,0.012161715,1.0,0.5010924,0.002
1,16,0.274549,0.690944,0.01216015375,1.0,0.5011029,0.002
1,17,0.272987,0.690953,0.0121599235,1.0,0.5010983,0.002
1,18,0.271887,0.690925,0.012159166,1.0,0.5011121,0.002
1,19,0.268153,0.690936,0.012158414499999999,1.0,0.5011069,0.002
1,20,0.263259,0.690926,0.012157013250000001,1.0,0.501112,0.002
1,21,0.260274,0.690919,0.0121561505,1.0,0.5011153,0.002
1,22,0.25744,0.690935,0.012155726,1.0,0.5011072,0.002
1,23,0.252615,0.690913,0.01215412625,1.0,0.5011185,0.002
1,24,0.247242,0.69094,0.012153257249999999,1.0,0.5011049,0.002
1,25,0.243026,0.69092,0.01215186025,1.0,0.5011147,0.002
1,26,0.23857,0.690928,0.0121508745,1.0,0.501111,0.002
1,27,0.232276,0.690922,0.0121492085,1.0,0.5011137,0.002
1,28,0.225835,0.69095,0.0121480885,1.0,0.5010997,0.002
1,29,0.220087,0.69094,0.0121464705,1.0,0.5011048,0.002
1,30,0.2133,0.690955,0.01214503125,1.0,0.5010975,0.002
1,31,0.205249,0.690958,0.012143073749999999,1.0,0.5010959,0.002
1,32,0.197504,0.690966,0.01214127825,1.0,0.5010919,0.002
2,1,0.189502,0.690945,0.012138906999999999,1.0,0.5011025,0.002
2,2,0.180046,0.690942,0.012136492499999998,1.0,0.5011039,0.002
2,3,0.170306,0.690961,0.01213438725,1.0,0.5010945,0.002
2,4,0.160448,0.690971,0.012132108499999999,1.0,0.5010892,0.002
2,5,0.149312,0.690981,0.012129498,1.0,0.5010842,0.002
2,6,0.137628,0.691006,0.012127005750000001,1.0,0.5010719,0.002
2,7,0.125923,0.691021,0.01212434075,1.0,0.5010644,0.002
2,8,0.113375,0.691026,0.01212130075,1.0,0.5010617,0.002
2,9,0.10781,0.691019,0.012119785999999999,1.0,0.5010652,0.002
2,10,0.098068,0.691036,0.012117646000000001,1.0,0.5010567,0.002
2,11,0.09372,0.691015,0.012116185,1.0,0.5010674,0.002
2,12,0.084127,0.691023,0.012113935749999999,1.0,0.5010632,0.002
2,13,0.080627,0.691014,0.012112893500000001,1.0,0.501068,0.002
2,14,0.071398,0.691028,0.0121108355,1.0,0.5010608,0.002
2,15,0.06842,0.691,0.012109604,1.0,0.5010748,0.002
2,16,0.059958,0.690998,0.01210744975,1.0,0.5010759,0.002
2,17,0.057185,0.690978,0.01210640375,1.0,0.501086,0.002
2,18,0.049261,0.690976,0.012104387,1.0,0.501087,0.002
2,19,0.047639,0.690953,0.0121035825,1.0,0.5010984,0.002
2,20,0.040158,0.690961,0.012101856,1.0,0.5010943,0.002
2,21,0.039553,0.690943,0.0121013865,1.0,0.5011034,0.002
2,22,0.032621,0.690923,0.01209931025,1.0,0.5011133,0.002
2,23,0.032575,0.69091,0.0120990705,1.0,0.5011198,0.002
2,24,0.026365,0.690897,0.0120972875,1.0,0.5011264,0.002
2,25,0.026974,0.690869,0.012096959249999999,1.0,0.5011401,0.002
2,26,0.021518,0.690864,0.0120955065,1.0,0.5011427,0.002
2,27,0.0228,0.69083,0.012095232,1.0,0.5011597,0.002
2,28,0.017646,0.69082,0.012093769249999999,1.0,0.5011647,0.002
2,29,0.019508,0.690798,0.0120938465,1.0,0.5011758,0.002
2,30,0.014789,0.690775,0.012092256499999999,1.0,0.5011876,0.002
2,31,0.017189,0.690751,0.0120924435,1.0,0.5011994,0.002
2,32,0.012909,0.69074,0.01209118075,1.0,0.5012049,0.002
3,1,0.01572,0.690671,0.01209066875,1.0,0.5012397,0.002
3,2,0.011758,0.690649,0.01208929925,1.0,0.5012506,0.002
3,3,0.01475,0.690627,0.01208965325,1.0,0.5012619,0.002
3,4,0.010942,0.690604,0.01208830925,1.0,0.5012731,0.002
3,5,0.01416,0.690581,0.01208871475,1.0,0.5012845,0.002
3,6,0.010439,0.690558,0.01208737725,1.0,0.5012962,0.002
3,7,0.013732,0.690524,0.01208760875,1.0,0.5013131,0.002
3,8,0.010004,0.690515,0.01208650575,1.0,0.501318,0.002
3,9,0.013331,0.690499,0.01208707375,1.0,0.5013256,0.002
3,10,0.009658,0.69046,0.0120854655,1.0,0.5013454,0.002
3,11,0.013049,0.69044,0.0120859635,1.0,0.5013554,0.002
3,12,0.009405,0.690433,0.0120849315,1.0,0.5013589,0.002
3,13,0.012805,0.690389,0.012085011250000001,1.0,0.5013809,0.002
3,14,0.009141,0.690376,0.0120838625,1.0,0.5013876,0.002
3,15,0.012572,0.690347,0.012084212,1.0,0.5014022,0.002
3,16,0.008921,0.690324,0.01208290575,1.0,0.5014134,0.002
3,17,0.012381,0.690291,0.01208319625,1.0,0.5014299,0.002
3,18,0.008741,0.690267,0.01208186625,1.0,0.5014419,0.002
3,19,0.012211,0.690249,0.01208240425,1.0,0.5014514,0.002
3,20,0.008564,0.690223,0.012081040500000001,1.0,0.5014643,0.002
3,21,0.012041,0.690185,0.01208124825,1.0,0.5014833,0.002
3,22,0.008401,0.690177,0.012080195,1.0,0.5014874,0.002
3,23,0.011894,0.690141,0.01208044,1.0,0.5015054,0.002
3,24,0.008256,0.690127,0.012079288249999999,1.0,0.5015123,0.002
3,25,0.01177,0.690094,0.01207958775,1.0,0.5015289,0.002
3,26,0.008131,0.69006,0.012078088749999999,1.0,0.5015458,0.002
3,27,0.011649,0.690028,0.01207840525,1.0,0.5015619,0.002
3,28,0.008023,0.690013,0.012077234499999999,1.0,0.5015695,0.002
3,29,0.011543,0.689978,0.0120775085,1.0,0.5015869,0.002
3,30,0.007925,0.689954,0.012076183,1.0,0.501599,0.002
1,1,0.305539,0.690654,0.0121628215,1.0,0.5012484,0.0025
1,2,0.313909,0.690641,0.012164700249999999,1.0,0.5012545,0.0025
1,3,0.308697,0.690631,0.0121632115,1.0,0.5012598,0.0025
1,1,0.321187,0.688379,0.012126937249999999,1.0,0.5023896,0.003
1,2,0.331271,0.68833,0.012128588499999999,1.0,0.5024145,0.003
1,3,0.326795,0.688296,0.0121268835,1.0,0.5024314,0.003
1,4,0.327198,0.688239,0.0121259865,1.0,0.50246,0.003
1,1,0.321186,0.688375,0.00868498475,1.0,0.5023918,0.003
1,2,0.330011,0.688372,0.0086871515,1.0,0.5023933,0.003
1,3,0.324656,0.688349,0.0086855265,1.0,0.5024049,0.003
1,4,0.325027,0.688298,0.008684987250000002,1.0,0.5024302,0.003
1,5,0.325876,0.688261,0.008684735999999998,1.0,0.5024489,0.003
1,1,0.321185,0.688367,0.006963966,1.0,0.5023958,0.003
1,2,0.322946,0.688396,0.0069647005000000005,1.0,0.502381,0.003
1,3,0.320851,0.688381,0.00696402,1.0,0.5023889,0.003
1,4,0.320159,0.688389,0.006963928,1.0,0.5023848,0.003
1,5,0.319458,0.688382,0.0069636865,1.0,0.5023882,0.003
1,6,0.318759,0.68839,0.00696358475,1.0,0.5023845,0.003
1,7,0.318226,0.688378,0.006963340750000001,1.0,0.5023901,0.003
1,8,0.317347,0.688389,0.006963223,1.0,0.502385,0.003
1,1,0.321189,0.688379,0.00782456,1.0,0.5023898,0.003
1,2,0.322957,0.688384,0.00782506025,1.0,0.5023872,0.003
1,3,0.320967,0.68837,0.0078244025,1.0,0.5023944,0.003
1,4,0.320352,0.688382,0.007824384,1.0,0.5023883,0.003
1,5,0.319712,0.688378,0.00782418275,1.0,0.5023902,0.003
1,6,0.319068,0.688373,0.007823960999999999,1.0,0.5023929,0.003
1,7,0.318582,0.68839,0.0078240285,1.0,0.5023845,0.003
1,8,0.317746,0.688382,0.007823736,1.0,0.5023882,0.003
1,9,0.31672,0.688374,0.00782338825,1.0,0.5023923,0.003
1,10,0.315883,0.688383,0.00782327975,1.0,0.5023878,0.003
1,11,0.315354,0.68838,0.007823115,1.0,0.5023892,0.003
1,12,0.31475,0.688377,0.00782292525,1.0,0.5023909,0.003
1,13,0.313811,0.688384,0.00782276725,1.0,0.5023875,0.003
1,14,0.312761,0.688375,0.00782240725,1.0,0.5023919,0.003
1,15,0.311899,0.688381,0.0078222645,1.0,0.5023886,0.003
1,16,0.311178,0.688381,0.00782207825,1.0,0.5023889,0.003
1,17,0.310314,0.68837,0.007821746000000001,1.0,0.5023941,0.003
1,18,0.30923,0.68838,0.007821577,1.0,0.5023895,0.003
1,19,0.308096,0.688377,0.0078212645,1.0,0.5023908,0.003
1,20,0.307075,0.688383,0.007821081,1.0,0.5023876,0.003
1,21,0.306105,0.688383,0.007820835,1.0,0.5023878,0.003
1,22,0.305037,0.688365,0.0078203665,1.0,0.5023968,0.003
1,23,0.303843,0.688378,0.00782021475,1.0,0.5023902,0.003
1,24,0.302567,0.688376,0.007819871499999999,1.0,0.5023913,0.003
1,25,0.301275,0.688376,0.00781955225,1.0,0.5023911,0.003
1,26,0.300008,0.688391,0.00781939875,1.0,0.5023838,0.003
1,27,0.298733,0.688388,0.0078190445,1.0,0.5023854,0.003
1,28,0.297352,0.688392,0.00781874775,1.0,0.5023833,0.003
1,29,0.295829,0.688393,0.007818378499999999,1.0,0.5023827,0.003
1,30,0.29427,0.68839,0.00781795125,1.0,0.5023844,0.003
1,31,0.292744,0.688403,0.0078177185,1.0,0.5023778,0.003
1,32,0.291153,0.688395,0.00781723175,1.0,0.5023818,0.003
2,1,0.289432,0.688375,0.007816571999999999,1.0,0.502392,0.003
2,2,0.287637,0.688377,0.007816154,1.0,0.5023906,0.003
1,1,0.326746,0.687796,0.00781939425,1.0,0.5026826,0.0033
1,2,0.328525,0.687764,0.00781947525,1.0,0.5026989,0.0033
1,1,0.326748,0.687797,0.00781940575,1.0,0.5026821,0.0033
1,2,0.333436,0.687755,0.00782060025,1.0,0.5027035,0.0033
1,3,0.329403,0.687716,0.00781915775,1.0,0.5027229,0.0033
1,4,0.330301,0.687669,0.007818851,1.0,0.5027466,0.0033
1,5,0.332208,0.687628,0.007818866,1.0,0.5027673,0.0033
1,6,0.33277,0.687566,0.007818312,1.0,0.5027983,0.0033
1,7,0.33236,0.687542,0.00781793325,1.0,0.5028106,0.0033
1,1,0.326748,0.687806,0.00695974925,1.0,0.5026776,0.0033
1,2,0.328526,0.687776,0.0069598870000000005,1.0,0.502693,0.0033
1,3,0.327795,0.68775,0.00695944575,1.0,0.502706,0.0033
1,4,0.328162,0.687722,0.006959259999999999,1.0,0.50272,0.0033
1,5,0.328796,0.687706,0.00695925475,1.0,0.5027282,0.0033
1,6,0.329183,0.687678,0.0069590717499999994,1.0,0.5027423,0.0033
1,1,0.326748,0.687794,0.006099881,1.0,0.502684,0.0033
1,2,0.326843,0.687795,0.0060999185,1.0,0.5026832,0.0033
1,3,0.326319,0.687797,0.00609980075,1.0,0.5026824,0.0033
1,4,0.325978,0.687795,0.00609969725,1.0,0.5026835,0.0033
1,5,0.325706,0.687795,0.00609963225,1.0,0.5026833,0.0033
1,6,0.32546,0.687794,0.006099559250000001,1.0,0.502684,0.0033
1,7,0.325139,0.687794,0.006099481499999999,1.0,0.5026838,0.0033
1,8,0.324761,0.687803,0.00609946325,1.0,0.5026794,0.0033
1,9,0.324418,0.687792,0.006099285,1.0,0.5026847,0.0033
1,10,0.324147,0.687796,0.00609925175,1.0,0.5026828,0.0033
1,11,0.32386,0.687795,0.0060991725,1.0,0.5026832,0.0033
1,12,0.323496,0.687797,0.0060990950000000006,1.0,0.5026824,0.0033
1,13,0.323111,0.687799,0.00609901825,1.0,0.5026813,0.0033
1,14,0.32276,0.687793,0.006098877,1.0,0.5026844,0.0033
1,15,0.322434,0.687802,0.00609887375,1.0,0.5026799,0.0033
1,16,0.322069,0.687785,0.00609863825,1.0,0.5026882,0.0033
1,17,0.321667,0.687794,0.00609861075,1.0,0.502684,0.0033
1,18,0.321262,0.687792,0.00609849675,1.0,0.5026847,0.0033
1,19,0.320871,0.687789,0.00609837,1.0,0.5026864,0.0033
1,20,0.320482,0.687804,0.006098406749999999,1.0,0.5026787,0.0033
1,21,0.320063,0.687793,0.00609820825,1.0,0.502684,0.0033
1,22,0.319626,0.687814,0.0060982765,1.0,0.5026738,0.0033
1,23,0.319165,0.687793,0.00609798275,1.0,0.5026841,0.0033
1,24,0.318716,0.687801,0.00609793375,1.0,0.5026805,0.0033
1,25,0.318262,0.687809,0.00609789875,1.0,0.502676,0.0033
1,26,0.317791,0.687807,0.006097758,1.0,0.5026773,0.0033
1,27,0.317286,0.687802,0.006097585,1.0,0.50268,0.0033
1,28,0.316771,0.687809,0.0060975255,1.0,0.502676,0.0033
1,29,0.316253,0.687802,0.00609733425,1.0,0.5026796,0.0033
1,30,0.31573,0.687801,0.006097190999999999,1.0,0.5026803,0.0033
1,31,0.315179,0.687794,0.0060969935,1.0,0.5026837,0.0033
1,32,0.314609,0.687813,0.006097015,1.0,0.5026743,0.0033
2,1,0.314025,0.687789,0.0060966625,1.0,0.5026861,0.0033
2,2,0.313438,0.687791,0.006096533499999999,1.0,0.5026851,0.0033
2,3,0.312826,0.687793,0.006096391,1.0,0.5026845,0.0033
2,4,0.312195,0.687794,0.0060962465,1.0,0.5026838,0.0033
2,5,0.311547,0.687788,0.00609603175,1.0,0.5026868,0.0033
2,6,0.310885,0.687797,0.00609594325,1.0,0.5026824,0.0033
2,7,0.310207,0.6878,0.00609579925,1.0,0.5026809,0.0033
2,8,0.309505,0.687801,0.0060956332499999995,1.0,0.5026804,0.0033
2,9,0.308787,0.687796,0.00609541,1.0,0.5026829,0.0033
2,10,0.308053,0.687803,0.00609528625,1.0,0.5026794,0.0033
2,11,0.307293,0.687805,0.0060951195,1.0,0.5026781,0.0033
2,12,0.306514,0.68781,0.0060949675,1.0,0.5026756,0.0033
2,13,0.305716,0.687817,0.00609483,1.0,0.5026721,0.0033
2,14,0.304898,0.687818,0.006094633499999999,1.0,0.5026716,0.0033
2,15,0.304055,0.687812,0.0060943722500000005,1.0,0.5026745,0.0033
2,16,0.30319,0.687827,0.0060942819999999995,1.0,0.5026673,0.0033
2,17,0.302304,0.687823,0.00609402575,1.0,0.5026693,0.0033
2,18,0.301396,0.687838,0.00609393425,1.0,0.5026615,0.0033
2,19,0.30046,0.687839,0.006093705,1.0,0.5026612,0.0033
2,20,0.2995,0.687838,0.006093458499999999,1.0,0.5026616,0.0033
2,21,0.298516,0.687839,0.00609321975,1.0,0.5026612,0.0033
2,22,0.297503,0.687837,0.0060929520000000004,1.0,0.502662,0.0033
2,23,0.296472,0.687859,0.0060928805,1.0,0.5026513,0.0033
2,24,0.295406,0.687852,0.0060925532499999996,1.0,0.5026548,0.0033
2,25,0.294316,0.687865,0.0060923995,1.0,0.502648,0.0033
2,26,0.293194,0.687857,0.00609204875,1.0,0.502652,0.0033
2,27,0.292043,0.687865,0.0060918335,1.0,0.5026478,0.0033
2,28,0.290862,0.68786,0.0060914935000000005,1.0,0.5026504,0.0033
2,29,0.289656,0.687875,0.00609132275,1.0,0.5026429,0.0033
2,30,0.288417,0.687873,0.0060909955,1.0,0.5026439,0.0033
2,31,0.287143,0.687886,0.0060907885,1.0,0.5026375,0.0033
2,32,0.285839,0.687888,0.00609048125,1.0,0.5026364,0.0033
3,1,0.284493,0.687876,0.006090042,1.0,0.5026423,0.0033
3,2,0.283121,0.687882,0.006089747,1.0,0.5026396,0.0033
3,3,0.281715,0.687882,0.0060893977499999995,1.0,0.5026395,0.0033
3,4,0.28027,0.687887,0.006089077,1.0,0.5026371,0.0033
3,5,0.27879,0.687892,0.00608875025,1.0,0.5026346,0.0033
3,6,0.277268,0.687893,0.00608838475,1.0,0.5026338,0.0033
3,7,0.275714,0.687907,0.0060881165,1.0,0.5026269,0.0033
3,8,0.274118,0.687914,0.006087778,1.0,0.5026234,0.0033
3,9,0.272479,0.687907,0.00608730425,1.0,0.5026271,0.0033
3,10,0.270803,0.687922,0.00608702025,1.0,0.5026193,0.0033
3,11,0.269084,0.68793,0.00608665975,1.0,0.5026153,0.0033
3,12,0.26732,0.687926,0.0060861855,1.0,0.5026172,0.0033
3,13,0.265514,0.687933,0.0060857895,1.0,0.5026141,0.0033
3,14,0.263658,0.687937,0.00608536025,1.0,0.5026121,0.0033
3,15,0.261764,0.687944,0.00608495375,1.0,0.5026082,0.0033
3,16,0.259812,0.687934,0.0060843730000000006,1.0,0.5026135,0.0033
3,17,0.257819,0.687949,0.00608400725,1.0,0.5026059,0.0033
3,18,0.255782,0.687959,0.006083587,1.0,0.5026008,0.0033
3,19,0.253688,0.687964,0.0060831085,1.0,0.5025982,0.0033
3,20,0.251546,0.68797,0.00608262725,1.0,0.5025951,0.0033
3,21,0.24935,0.687972,0.00608209225,1.0,0.5025943,0.0033
3,22,0.247101,0.687976,0.0060815667500000005,1.0,0.5025922,0.0033
3,23,0.244796,0.687984,0.0060810555,1.0,0.5025885,0.0033
3,24,0.242438,0.687987,0.006080491249999999,1.0,0.502587,0.0033
3,25,0.240021,0.688,0.0060800085,1.0,0.50258,0.0033
3,26,0.237545,0.687994,0.006079335999999999,1.0,0.5025831,0.0033
3,27,0.235016,0.688006,0.00607880925,1.0,0.5025771,0.0033
3,28,0.232426,0.688019,0.00607827625,1.0,0.5025705,0.0033
3,29,0.229774,0.688023,0.00607764575,1.0,0.5025686,0.0033
3,30,0.227058,0.688027,0.00607699925,1.0,0.5025667,0.0033
3,31,0.224276,0.688028,0.00607631575,1.0,0.502566,0.0033
3,32,0.221437,0.688043,0.00607573425,1.0,0.5025587,0.0033
4,1,0.218522,0.688034,0.00607493225,1.0,0.5025629,0.0033
4,2,0.215547,0.688044,0.0060742745,1.0,0.502558,0.0033
4,3,0.212496,0.688034,0.006073424,1.0,0.502563,0.0033
4,4,0.209388,0.688055,0.00607283225,1.0,0.5025524,0.0033
4,5,0.206201,0.688049,0.006071981,1.0,0.5025555,0.0033
4,6,0.202947,0.688063,0.0060712877499999995,1.0,0.5025486,0.0033
4,7,0.199626,0.688075,0.0060705657500000005,1.0,0.5025424,0.0033
4,8,0.196215,0.68807,0.0060696685,1.0,0.5025449,0.0033
4,9,0.192746,0.688084,0.006068918,1.0,0.5025382,0.0033
4,10,0.189199,0.688099,0.0060681655,1.0,0.5025305,0.0033
4,11,0.185565,0.688096,0.00606722725,1.0,0.5025322,0.0033
4,12,0.181856,0.688096,0.006066301499999999,1.0,0.5025321,0.0033
4,13,0.178074,0.6881,0.006065396749999999,1.0,0.5025298,0.0033
4,14,0.174216,0.68811,0.006064517750000001,1.0,0.5025249,0.0033
4,15,0.170304,0.688116,0.0060635925,1.0,0.5025218,0.0033
4,16,0.166358,0.688126,0.00606269125,1.0,0.502517,0.0033
4,17,0.16228,0.68813,0.0060617102499999995,1.0,0.5025147,0.0033
4,18,0.157969,0.688137,0.0060606875,1.0,0.5025116,0.0033
4,19,0.153673,0.688152,0.006059752,1.0,0.5025036,0.0033
4,20,0.149403,0.688144,0.00605860625,1.0,0.5025081,0.0033
4,21,0.144879,0.68817,0.006057709499999999,1.0,0.5024947,0.0033
4,22,0.14032,0.688166,0.0060565309999999995,1.0,0.5024969,0.0033
1,1,0.323164,0.686896,0.0060911305,1.0,0.5031354,0.0033
1,2,0.323004,0.686905,0.006091167000000001,1.0,0.503131,0.0033
1,3,0.322403,0.686894,0.0060909267500000005,1.0,0.5031362,0.0033
1,4,0.321939,0.686903,0.0060908825,1.0,0.5031321,0.0033
1,1,0.322885,0.68687,0.006949421250000001,1.0,0.5031485,0.0033
1,2,0.322731,0.686874,0.0069494249999999995,1.0,0.5031463,0.0033
1,3,0.32224,0.686872,0.00694927975,1.0,0.5031475,0.0033
1,4,0.321889,0.686867,0.00694913775,1.0,0.5031502,0.0033
1,5,0.321654,0.686861,0.0069490197499999995,1.0,0.5031532,0.0033
1,6,0.321292,0.686857,0.006948893,1.0,0.503155,0.0033
1,7,0.32087,0.686866,0.0069488810000000005,1.0,0.5031503,0.0033
1,8,0.320507,0.686874,0.006948866749999999,1.0,0.5031465,0.0033
1,9,0.320192,0.686859,0.00694863375,1.0,0.5031542,0.0033
1,10,0.319833,0.686864,0.0069486025,1.0,0.5031513,0.0033
1,11,0.319424,0.686864,0.00694849125,1.0,0.5031517,0.0033
1,12,0.319017,0.68686,0.006948353,1.0,0.5031536,0.0033
1,13,0.318636,0.686871,0.006948373250000001,1.0,0.5031477,0.0033
1,14,0.318238,0.686855,0.0069481075,1.0,0.5031561,0.0033
1,15,0.317808,0.686859,0.00694804625,1.0,0.5031538,0.0033
1,16,0.317369,0.686875,0.006948092499999999,1.0,0.5031459,0.0033
1,17,0.316939,0.686856,0.006947796,1.0,0.5031554,0.0033
1,18,0.316508,0.68686,0.006947732,1.0,0.5031532,0.0033
1,19,0.316042,0.68686,0.006947607,1.0,0.5031537,0.0033
1,20,0.315558,0.68686,0.0069474937499999995,1.0,0.5031533,0.0033
1,21,0.315079,0.686869,0.0069474555000000006,1.0,0.5031492,0.0033
1,22,0.314599,0.68687,0.00694734625,1.0,0.5031486,0.0033
1,23,0.3141,0.686869,0.00694721025,1.0,0.5031492,0.0033
1,24,0.313573,0.686854,0.00694693375,1.0,0.5031565,0.0033
1,25,0.313039,0.686865,0.00694691125,1.0,0.5031509,0.0033
1,26,0.312503,0.686867,0.0069467945,1.0,0.50315,0.0033
1,27,0.311947,0.686848,0.006946471500000001,1.0,0.5031593,0.0033
1,28,0.311374,0.686848,0.00694632475,1.0,0.5031595,0.0033
1,29,0.310793,0.686865,0.006946347,1.0,0.503151,0.0033
1,30,0.310197,0.686863,0.0069461767500000006,1.0,0.5031521,0.0033
1,31,0.309583,0.686858,0.00694597425,1.0,0.5031546,0.0033
1,32,0.30895,0.686859,0.00694582675,1.0,0.503154,0.0033
2,1,0.308304,0.686846,0.0069455365,1.0,0.5031605,0.0033
2,2,0.307645,0.686841,0.00694531825,1.0,0.5031632,0.0033
2,3,0.306967,0.686841,0.00694515425,1.0,0.5031629,0.0033
2,4,0.30627,0.686846,0.00694503175,1.0,0.5031603,0.0033
2,5,0.305563,0.686847,0.0069448587499999995,1.0,0.5031601,0.0033
2,6,0.304838,0.686853,0.0069447345,1.0,0.5031573,0.0033
2,7,0.304091,0.686861,0.006944634,1.0,0.5031529,0.0033
2,8,0.303323,0.686854,0.006944371249999999,1.0,0.5031565,0.0033
2,9,0.302545,0.686871,0.00694434375,1.0,0.5031481,0.0033
2,10,0.301741,0.686864,0.0069440725,1.0,0.5031516,0.0033
2,11,0.300916,0.686853,0.0069437585,1.0,0.503157,0.0033
2,12,0.300077,0.686865,0.00694366425,1.0,0.5031512,0.0033
2,13,0.299217,0.686871,0.0069435155000000005,1.0,0.5031479,0.0033
2,14,0.298329,0.686861,0.006943193499999999,1.0,0.5031529,0.0033
2,15,0.297426,0.686867,0.006943028499999999,1.0,0.5031499,0.0033
2,16,0.296503,0.686883,0.006942954,1.0,0.503142,0.0033
2,17,0.29555,0.686874,0.00694262275,1.0,0.5031467,0.0033
2,18,0.294579,0.686883,0.00694247225,1.0,0.503142,0.0033
2,19,0.293583,0.686879,0.0069421815,1.0,0.5031442,0.0033
2,20,0.292563,0.686885,0.00694199025,1.0,0.5031409,0.0033
2,21,0.291516,0.686884,0.0069417212499999995,1.0,0.5031413,0.0033
2,22,0.290447,0.686891,0.0069415250000000005,1.0,0.5031377,0.0033
2,23,0.289352,0.686893,0.006941272,1.0,0.5031367,0.0033
2,24,0.288234,0.68691,0.0069411535,1.0,0.5031286,0.0033
2,25,0.287085,0.686905,0.006940823499999999,1.0,0.5031307,0.0033
2,26,0.285906,0.686905,0.0069405264999999996,1.0,0.5031308,0.0033
2,27,0.284701,0.686905,0.00694022775,1.0,0.5031307,0.0033
2,28,0.283472,0.686914,0.0069400115,1.0,0.5031261,0.0033
2,29,0.282208,0.686918,0.00693973425,1.0,0.5031242,0.0033
2,30,0.280916,0.686925,0.00693947475,1.0,0.503121,0.0033
1,1,0.319645,0.686374,0.0074584297499999995,1.0,0.5033982,0.0033
1,2,0.319598,0.686372,0.0074583982500000005,1.0,0.5033991,0.0033
1,3,0.319085,0.686383,0.0074583902499999995,1.0,0.5033935,0.0033
1,4,0.318931,0.686368,0.0074581835,1.0,0.5034014,0.0033
1,5,0.318661,0.686373,0.007458173,1.0,0.5033987,0.0033
1,6,0.318275,0.686373,0.007458078999999999,1.0,0.5033986,0.0033
1,7,0.317975,0.686364,0.007457906,1.0,0.5034031,0.0033
1,8,0.31773,0.686351,0.007457705,1.0,0.5034097,0.0033
1,9,0.317418,0.686355,0.00745767225,1.0,0.5034076,0.0033
1,10,0.317052,0.686369,0.00745772675,1.0,0.5034007,0.0033
1,11,0.31671,0.686355,0.0074574955,1.0,0.5034076,0.0033
1,12,0.316403,0.686359,0.0074574635,1.0,0.5034055,0.0033
1,13,0.316061,0.686341,0.00745718275,1.0,0.5034146,0.0033
1,14,0.315678,0.686356,0.00745725025,1.0,0.503407,0.0033
1,15,0.315291,0.686354,0.0074571262499999996,1.0,0.5034082,0.0033
1,16,0.314919,0.686344,0.00745692925,1.0,0.5034131,0.0033
1,17,0.31454,0.686347,0.007456863249999999,1.0,0.5034118,0.0033
1,18,0.314131,0.686334,0.0074566235000000005,1.0,0.5034182,0.0033
1,1,0.319246,0.686222,0.007456694,1.0,0.5034748,0.0033
1,2,0.321968,0.68622,0.007457355749999999,1.0,0.5034757,0.0033
1,3,0.320248,0.686205,0.0074567625,1.0,0.5034833,0.0033
1,4,0.319432,0.686187,0.00745637275,1.0,0.503492,0.0033
1,5,0.317723,0.686164,0.00745569,1.0,0.503504,0.0033
1,6,0.317665,0.68614,0.007455415999999999,1.0,0.5035161,0.0033
1,7,0.317619,0.686142,0.00745543525,1.0,0.5035147,0.0033
1,8,0.316013,0.686152,0.0074551345,1.0,0.50351,0.0033
1,9,0.314189,0.686111,0.0074542390000000005,1.0,0.5035306,0.0033
1,10,0.313383,0.686108,0.007454009,1.0,0.5035319,0.0033
1,11,0.312838,0.686105,0.0074538435,1.0,0.5035333,0.0033
1,12,0.311583,0.686083,0.0074532925,1.0,0.5035444,0.0033
1,13,0.309976,0.686079,0.00745284225,1.0,0.5035467,0.0033
1,14,0.308488,0.686063,0.0074522955,1.0,0.5035548,0.0033
1,15,0.306974,0.686059,0.00745188275,1.0,0.5035564,0.0033
1,16,0.305337,0.686035,0.00745120825,1.0,0.5035689,0.0033
1,17,0.303812,0.686045,0.0074509319999999995,1.0,0.503564,0.0033
1,18,0.302228,0.686034,0.00745042275,1.0,0.5035693,0.0033
1,19,0.300166,0.686043,0.00744999975,1.0,0.5035649,0.0033
1,20,0.297824,0.686031,0.00744928625,1.0,0.5035709,0.0033
1,21,0.295706,0.686034,0.00744878675,1.0,0.5035695,0.0033
1,22,0.293682,0.686014,0.0074480760000000005,1.0,0.5035791,0.0033
1,23,0.291277,0.686028,0.00744762475,1.0,0.5035721,0.0033
1,24,0.288534,0.686027,0.00744692775,1.0,0.5035726,0.0033
1,25,0.285733,0.686014,0.007446088,1.0,0.5035791,0.0033
1,26,0.28286,0.686011,0.0074453325,1.0,0.5035809,0.0033
1,27,0.279848,0.68601,0.007444568,1.0,0.5035814,0.0033
1,28,0.276589,0.686016,0.00744381975,1.0,0.5035783,0.0033
1,29,0.272989,0.686023,0.007442995,1.0,0.5035748,0.0033
1,30,0.269283,0.686025,0.00744209175,1.0,0.5035737,0.0033
1,31,0.265541,0.686025,0.00744115625,1.0,0.5035737,0.0033
1,32,0.261348,0.686035,0.00744020975,1.0,0.5035689,0.0033
2,1,0.256836,0.686012,0.0074388430000000005,1.0,0.5035801,0.0033
2,2,0.252259,0.685998,0.007437539250000001,1.0,0.5035876,0.0033
2,3,0.247375,0.686016,0.0074365105,1.0,0.5035786,0.0033
2,4,0.242111,0.686005,0.00743508675,1.0,0.5035836,0.0033
2,5,0.236575,0.686025,0.00743391325,1.0,0.5035738,0.0033
2,6,0.230788,0.686028,0.007432503,1.0,0.5035721,0.0033
2,7,0.224599,0.686039,0.007431073999999999,1.0,0.5035665,0.0033
2,8,0.218017,0.68605,0.00742954375,1.0,0.5035611,0.0033
2,9,0.211217,0.686062,0.007427968,1.0,0.5035553,0.0033
2,10,0.203892,0.686071,0.0074262370000000005,1.0,0.5035506,0.0033
2,11,0.196189,0.686072,0.00742432125,1.0,0.5035501,0.0033
2,12,0.188144,0.686111,0.00742273125,1.0,0.5035304,0.0033
2,13,0.179588,0.686102,0.00742049425,1.0,0.503535,0.0033
2,14,0.170585,0.686122,0.00741846125,1.0,0.5035248,0.0033
2,15,0.161172,0.68612,0.00741607925,1.0,0.5035261,0.0033
2,16,0.151184,0.686131,0.007413701,1.0,0.5035206,0.0033
2,17,0.140776,0.686139,0.00741119275,1.0,0.5035162,0.0033
2,18,0.129788,0.686159,0.007408652250000001,1.0,0.5035065,0.0033
2,19,0.118306,0.686171,0.00740591825,1.0,0.5035001,0.0033
2,20,0.106259,0.686199,0.007403199,1.0,0.5034864,0.0033
2,21,0.093626,0.686205,0.007400107,1.0,0.5034833,0.0033
2,22,0.08434,0.686201,0.00739775025,1.0,0.503485,0.0033
2,23,0.080296,0.686194,0.00739665525,1.0,0.5034889,0.0033
2,24,0.073527,0.686184,0.0073948634999999995,1.0,0.5034936,0.0033
2,25,0.071066,0.686168,0.0073940725,1.0,0.5035018,0.0033
2,26,0.065377,0.686157,0.0073925349999999996,1.0,0.5035072,0.0033
2,27,0.063877,0.686153,0.0073921125,1.0,0.5035094,0.0033
2,28,0.05865,0.68613,0.007390561499999999,1.0,0.5035209,0.0033
2,29,0.057433,0.6861,0.007389936,1.0,0.5035359,0.0033
2,30,0.052355,0.68609,0.007388559,1.0,0.5035409,0.0033
2,31,0.051438,0.686077,0.00738819125,1.0,0.5035474,0.0033
2,32,0.046637,0.686056,0.00738676525,1.0,0.503558,0.0033
3,1,0.04624,0.686019,0.00738626425,1.0,0.5035768,0.0033
3,2,0.041983,0.685998,0.007384975,1.0,0.5035874,0.0033
3,3,0.042031,0.685976,0.007384752,1.0,0.5035984,0.0033
3,4,0.038133,0.685969,0.0073837035,1.0,0.5036018,0.0033
3,5,0.038421,0.685947,0.007383539,1.0,0.5036129,0.0033
3,6,0.034683,0.685926,0.0073823777499999995,1.0,0.5036235,0.0033
3,7,0.035067,0.685904,0.0073822390000000005,1.0,0.5036345,0.0033
3,8,0.031464,0.685885,0.00738112775,1.0,0.5036444,0.0033
3,9,0.032041,0.685874,0.00738115225,1.0,0.50365,0.0033
3,10,0.028592,0.685854,0.00738007775,1.0,0.5036599,0.0033
3,11,0.029234,0.685821,0.00737988225,1.0,0.5036766,0.0033
3,12,0.025837,0.685812,0.007378942,1.0,0.5036809,0.0033
3,13,0.02677,0.685796,0.00737899825,1.0,0.5036892,0.0033
3,14,0.023634,0.685783,0.0073780785,1.0,0.5036956,0.0033
3,15,0.024756,0.685741,0.00737790625,1.0,0.5037168,0.0033
3,16,0.021754,0.685728,0.0073770165,1.0,0.5037233,0.0033
3,17,0.022966,0.685704,0.00737706075,1.0,0.5037354,0.0033
3,18,0.020058,0.685688,0.00737616175,1.0,0.5037435,0.0033
3,19,0.021435,0.685666,0.0073762687500000005,1.0,0.5037546,0.0033
3,20,0.018596,0.685636,0.007375231249999999,1.0,0.50377,0.0033
3,21,0.020103,0.685599,0.00737521275,1.0,0.5037885,0.0033
3,22,0.017348,0.685607,0.00737461525,1.0,0.5037842,0.0033
3,23,0.018899,0.685566,0.0073745595,1.0,0.503805,0.0033
3,24,0.016211,0.685549,0.00737370075,1.0,0.5038137,0.0033
3,25,0.017863,0.685529,0.007373902250000001,1.0,0.5038237,0.0033
3,26,0.015265,0.685493,0.00737286925,1.0,0.5038416,0.0033
3,27,0.016952,0.685469,0.0073730315,1.0,0.5038538,0.0033
3,28,0.014373,0.685455,0.00737223125,1.0,0.5038611,0.0033
3,29,0.016097,0.685425,0.00737234025,1.0,0.5038762,0.0033
3,30,0.013533,0.685398,0.0073714065,1.0,0.5038899,0.0033
3,31,0.015284,0.685364,0.00737148,1.0,0.503907,0.0033
3,32,0.012772,0.685352,0.007370723500000001,1.0,0.503913,0.0033
4,1,0.014594,0.685297,0.00737059425,1.0,0.5039404,0.0033
4,2,0.012117,0.685273,0.007369719,1.0,0.5039524,0.0033
4,3,0.013981,0.685249,0.0073699182499999995,1.0,0.5039649,0.0033
4,4,0.011518,0.685221,0.00736900375,1.0,0.5039789,0.0033
4,5,0.013394,0.685194,0.00736918575,1.0,0.5039924,0.0033
4,6,0.010958,0.685172,0.0073683385,1.0,0.5040035,0.0033
4,7,0.012923,0.685149,0.007368586,1.0,0.504015,0.0033
4,8,0.010512,0.685127,0.007367739,1.0,0.5040264,0.0033
4,9,0.012478,0.685099,0.0073679307500000004,1.0,0.5040405,0.0033
1,1,0.319565,0.683303,0.00776704825,1.0,0.5049465,0.0038
1,2,0.320808,0.683266,0.00776694475,1.0,0.5049651,0.0038
1,3,0.320285,0.683237,0.007766491249999999,1.0,0.5049796,0.0038
1,4,0.320718,0.683195,0.0077661205,1.0,0.5050011,0.0038
1,5,0.320962,0.683159,0.0077657742499999995,1.0,0.5050193,0.0038
1,6,0.321308,0.683104,0.00776524625,1.0,0.5050469,0.0038
1,1,0.319564,0.683302,0.00691291525,1.0,0.5049467,0.0038
1,2,0.31969,0.683283,0.0069127565000000005,1.0,0.5049563,0.0038
1,3,0.317927,0.68328,0.0069122855,1.0,0.5049578,0.0038
1,4,0.317105,0.683274,0.0069120155,1.0,0.5049611,0.0038
1,5,0.31599,0.683268,0.006911678,1.0,0.504964,0.0038
1,6,0.314912,0.683252,0.00691125175,1.0,0.504972,0.0038
1,7,0.313855,0.683232,0.00691078675,1.0,0.5049821,0.0038
1,8,0.312768,0.683226,0.00691045225,1.0,0.5049853,0.0038
1,9,0.311604,0.683221,0.0069101115,1.0,0.5049878,0.0038
1,10,0.310245,0.683202,0.0069095825,1.0,0.5049973,0.0038
1,11,0.308768,0.683222,0.0069094105,1.0,0.5049874,0.0038
1,12,0.307338,0.683197,0.0069088000000000005,1.0,0.5050002,0.0038
1,13,0.305914,0.683193,0.0069084075,1.0,0.505002,0.0038
1,14,0.304275,0.683193,0.006907998,1.0,0.505002,0.0038
1,15,0.302506,0.683162,0.006907246,1.0,0.5050176,0.0038
1,16,0.30077,0.683149,0.0069066795,1.0,0.5050243,0.0038
1,17,0.298947,0.683168,0.006906417000000001,1.0,0.5050146,0.0038
1,18,0.296901,0.683144,0.00690566075,1.0,0.5050269,0.0038
1,19,0.294766,0.683157,0.0069052605,1.0,0.5050202,0.0038
1,20,0.292613,0.683144,0.00690459275,1.0,0.5050267,0.0038
1,21,0.290341,0.683125,0.0069038385,1.0,0.5050361,0.0038
1,22,0.2879,0.683137,0.00690334025,1.0,0.5050305,0.0038
1,23,0.285329,0.683121,0.006902547,1.0,0.5050381,0.0038
1,24,0.282655,0.683133,0.0069019935,1.0,0.5050323,0.0038
1,25,0.279826,0.683127,0.00690122925,1.0,0.5050351,0.0038
1,26,0.276881,0.683127,0.006900486,1.0,0.5050355,0.0038
1,27,0.273808,0.683133,0.00689978275,1.0,0.5050322,0.0038
1,28,0.270509,0.68312,0.0068988235,1.0,0.505039,0.0038
1,29,0.267085,0.683127,0.00689804075,1.0,0.5050353,0.0038
1,30,0.263514,0.683129,0.006897172,1.0,0.5050341,0.0038
1,31,0.259703,0.683124,0.006896165500000001,1.0,0.5050368,0.0038
1,32,0.255769,0.683121,0.00689515675,1.0,0.5050381,0.0038
2,1,0.251636,0.683097,0.006893875000000001,1.0,0.5050506,0.0038
2,2,0.24725,0.683092,0.0068927287499999995,1.0,0.5050531,0.0038
2,3,0.242706,0.68309,0.006891575,1.0,0.505054,0.0038
2,4,0.237934,0.683108,0.0068905647500000005,1.0,0.5050448,0.0038
2,5,0.232932,0.683098,0.00688921625,1.0,0.5050498,0.0038
2,6,0.227716,0.683113,0.00688805475,1.0,0.5050426,0.0038
2,7,0.222227,0.683105,0.0068866115,1.0,0.5050461,0.0038
2,8,0.216509,0.683105,0.006885181000000001,1.0,0.5050462,0.0038
2,9,0.21055,0.683139,0.006884029,1.0,0.5050291,0.0038
2,10,0.204302,0.683138,0.006882456249999999,1.0,0.5050297,0.0038
2,11,0.19778,0.683136,0.00688080625,1.0,0.5050307,0.0038
2,12,0.190992,0.68315,0.006879249749999999,1.0,0.5050236,0.0038
2,13,0.183907,0.683159,0.00687756425,1.0,0.5050192,0.0038
2,14,0.176527,0.683169,0.0068758255,1.0,0.5050139,0.0038
2,15,0.168839,0.683183,0.00687404375,1.0,0.5050068,0.0038
2,16,0.16085,0.683189,0.00687210525,1.0,0.5050038,0.0038
2,17,0.152522,0.683183,0.006869964,1.0,0.5050068,0.0038
2,18,0.143902,0.683205,0.006868028500000001,1.0,0.5049957,0.0038
2,19,0.134952,0.683194,0.0068656765,1.0,0.5050015,0.0038
2,20,0.125713,0.683213,0.00686356325,1.0,0.5049916,0.0038
2,21,0.116121,0.683225,0.006861278,1.0,0.5049859,0.0038
2,22,0.106101,0.683222,0.0068587464999999995,1.0,0.5049872,0.0038
2,23,0.09572,0.68324,0.0068563322500000004,1.0,0.5049781,0.0038
2,24,0.085078,0.683252,0.0068537927500000005,1.0,0.504972,0.0038
2,25,0.07406,0.683263,0.006851142,1.0,0.5049667,0.0038
2,26,0.062625,0.683267,0.00684832825,1.0,0.5049645,0.0038
2,27,0.050762,0.683286,0.00684554725,1.0,0.5049552,0.0038
2,28,0.038954,0.683287,0.0068426087500000005,1.0,0.5049545,0.0038
2,29,0.042094,0.683245,0.0068429725,1.0,0.5049757,0.0038
2,30,0.033648,0.683252,0.0068409335,1.0,0.5049721,0.0038
2,31,0.037629,0.683214,0.006841552,1.0,0.5049911,0.0038
2,32,0.029505,0.683219,0.00683957025,1.0,0.5049886,0.0038
3,1,0.033668,0.68314,0.006839816,1.0,0.5050288,0.0038
3,2,0.025712,0.683143,0.00683786075,1.0,0.5050271,0.0038
3,3,0.030334,0.683106,0.00683864,1.0,0.5050461,0.0038
3,4,0.022575,0.68311,0.00683674825,1.0,0.5050436,0.0038
3,5,0.027398,0.683069,0.006837539750000001,1.0,0.5050646,0.0038
1,1,0.309874,0.68124,0.00603831925,1.0,0.5059891,0.0042
1,2,0.309925,0.681234,0.0060382805,1.0,0.5059921,0.0042
1,3,0.307647,0.681222,0.0060376017500000006,1.0,0.5059984,0.0042
1,4,0.306042,0.681226,0.0060372395,1.0,0.5059962,0.0042
1,5,0.304762,0.681227,0.0060369285,1.0,0.5059956,0.0042
1,6,0.303538,0.681215,0.00603651375,1.0,0.5060019,0.0042
1,7,0.301974,0.681219,0.006036162,1.0,0.5059997,0.0042
1,8,0.300184,0.681196,0.006035515,1.0,0.5060112,0.0042
1,9,0.298587,0.681188,0.00603504475,1.0,0.5060153,0.0042
1,10,0.297088,0.681193,0.0060347084999999995,1.0,0.5060131,0.0042
1,11,0.295434,0.681166,0.0060340590000000005,1.0,0.5060267,0.0042
1,12,0.293602,0.681158,0.00603353325,1.0,0.5060307,0.0042
1,13,0.291757,0.681151,0.00603301225,1.0,0.5060341,0.0042
1,14,0.289965,0.681152,0.00603257025,1.0,0.5060338,0.0042
1,15,0.288124,0.68113,0.0060319205,1.0,0.5060447,0.0042
1,16,0.286101,0.681119,0.00603131225,1.0,0.5060506,0.0042
1,17,0.283917,0.681119,0.0060307675,1.0,0.5060506,0.0042
1,18,0.28174,0.681104,0.006030099,1.0,0.5060578,0.0042
1,19,0.279623,0.6811,0.00602953425,1.0,0.5060598,0.0042
1,20,0.277369,0.681086,0.00602884725,1.0,0.506067,0.0042
1,21,0.274913,0.68108,0.00602818125,1.0,0.50607,0.0042
1,22,0.272388,0.681078,0.00602752675,1.0,0.5060713,0.0042
1,23,0.269871,0.681067,0.0060268052499999995,1.0,0.5060766,0.0042
1,24,0.267256,0.681064,0.00602612525,1.0,0.5060782,0.0042
1,25,0.264449,0.681068,0.006025456,1.0,0.5060763,0.0042
1,26,0.261532,0.681052,0.0060245855,1.0,0.5060845,0.0042
1,27,0.258603,0.68105,0.00602383725,1.0,0.5060854,0.0042
1,28,0.255552,0.681039,0.006022978,1.0,0.506091,0.0042
1,29,0.252312,0.681036,0.006022143749999999,1.0,0.5060924,0.0042
1,30,0.248972,0.681041,0.006021354,1.0,0.5060897,0.0042
1,31,0.24556,0.681028,0.00602038725,1.0,0.5060963,0.0042
1,32,0.242014,0.681033,0.00601954375,1.0,0.5060938,0.0042
2,1,0.238291,0.680986,0.006018196,1.0,0.506118,0.0042
2,2,0.234468,0.680997,0.0060173399999999995,1.0,0.5061122,0.0042
2,3,0.230517,0.680989,0.00601628125,1.0,0.5061163,0.0042
2,4,0.226407,0.68099,0.00601526475,1.0,0.5061157,0.0042
2,5,0.222179,0.680988,0.006014188500000001,1.0,0.5061168,0.0042
2,6,0.217805,0.680998,0.00601318225,1.0,0.5061117,0.0042
2,7,0.21325,0.681003,0.0060120905,1.0,0.506109,0.0042
2,8,0.208565,0.680989,0.0060107947499999995,1.0,0.5061162,0.0042
2,9,0.203743,0.680988,0.00600957775,1.0,0.5061169,0.0042
2,10,0.198727,0.680998,0.00600841425,1.0,0.5061116,0.0042
2,11,0.193571,0.681012,0.00600724675,1.0,0.5061046,0.0042
2,12,0.188253,0.681003,0.0060058379999999995,1.0,0.5061092,0.0042
2,13,0.182753,0.681012,0.0060045457500000005,1.0,0.5061044,0.0042
2,14,0.177098,0.681015,0.00600315175,1.0,0.5061033,0.0042
2,15,0.171255,0.681009,0.00600163825,1.0,0.5061063,0.0042
2,16,0.165256,0.681015,0.00600019725,1.0,0.5061029,0.0042
2,17,0.159076,0.681023,0.005998722749999999,1.0,0.5060988,0.0042
2,18,0.152701,0.681021,0.00599711175,1.0,0.5060998,0.0042
2,19,0.146172,0.681042,0.00599565875,1.0,0.5060895,0.0042
2,20,0.139438,0.681039,0.0059939475,1.0,0.5060911,0.0042
2,21,0.132528,0.681031,0.00599215625,1.0,0.5060948,0.0042
2,22,0.125436,0.681042,0.00599047775,1.0,0.5060893,0.0042
2,23,0.118147,0.681051,0.00598873325,1.0,0.5060848,0.0042
2,24,0.110683,0.681055,0.005986903,1.0,0.5060827,0.0042
2,25,0.103013,0.681052,0.0059849544999999995,1.0,0.5060845,0.0042
2,26,0.095166,0.681058,0.005983048,1.0,0.5060813,0.0042
2,27,0.087115,0.681056,0.0059810192500000005,1.0,0.5060823,0.0042
2,28,0.078879,0.681059,0.0059789885,1.0,0.5060806,0.0042
2,29,0.070441,0.681075,0.005977013999999999,1.0,0.5060728,0.0042
2,30,0.061816,0.681084,0.0059749385000000006,1.0,0.5060681,0.0042
2,31,0.05298,0.681078,0.005972673249999999,1.0,0.5060714,0.0042
2,32,0.043929,0.681085,0.00597047725,1.0,0.5060675,0.0042
3,1,0.034647,0.681064,0.0059679675,1.0,0.5060785,0.0042
3,2,0.025447,0.68106,0.005965633000000001,1.0,0.5060805,0.0042
3,3,0.024535,0.681051,0.00596533075,1.0,0.5060848,0.0042
3,4,0.023634,0.681027,0.00596489375,1.0,0.506097,0.0042
3,5,0.022925,0.680999,0.00596447225,1.0,0.5061112,0.0042
3,6,0.021933,0.680978,0.00596404375,1.0,0.5061216,0.0042
3,7,0.021247,0.680939,0.00596352875,1.0,0.5061415,0.0042
3,8,0.02046,0.68093,0.00596325275,1.0,0.506146,0.0042
3,9,0.019816,0.680901,0.0059628365,1.0,0.5061608,0.0042
3,10,0.019022,0.680879,0.00596244375,1.0,0.506172,0.0042
3,11,0.018464,0.680869,0.005962223,1.0,0.5061767,0.0042
3,12,0.017721,0.680841,0.005961793,1.0,0.5061909,0.0042
3,13,0.017215,0.680816,0.005961447,1.0,0.5062036,0.0042
3,14,0.016548,0.680788,0.0059610324999999995,1.0,0.5062179,0.0042
3,15,0.016073,0.680765,0.005960711,1.0,0.5062296,0.0042
3,16,0.01542,0.680741,0.005960339,1.0,0.5062417,0.0042
3,17,0.015033,0.680713,0.0059599935,1.0,0.5062561,0.0042
3,18,0.014416,0.680687,0.0059596175,1.0,0.5062689,0.0042
3,19,0.014097,0.68066,0.0059592987500000005,1.0,0.5062828,0.0042
3,20,0.013536,0.680642,0.0059590035,1.0,0.5062917,0.0042
3,21,0.013261,0.680617,0.0059587107499999995,1.0,0.5063047,0.0042
3,22,0.012748,0.680592,0.0059583694999999996,1.0,0.506317,0.0042
3,23,0.012524,0.680566,0.005958082,1.0,0.5063304,0.0042
3,24,0.012054,0.68053,0.005957654,1.0,0.5063484,0.0042
3,25,0.011852,0.680499,0.00595733075,1.0,0.5063642,0.0042
3,26,0.011414,0.680483,0.005957083500000001,1.0,0.5063721,0.0042
3,27,0.011239,0.68046,0.0059568320000000004,1.0,0.5063842,0.0042
3,28,0.010825,0.680424,0.00595641825,1.0,0.5064021,0.0042
3,29,0.010686,0.680403,0.005956196,1.0,0.506413,0.0042
3,30,0.010296,0.680365,0.0059557705,1.0,0.506432,0.0042
3,31,0.010164,0.680339,0.00595551125,1.0,0.506445,0.0042
3,32,0.009813,0.680321,0.0059552585,1.0,0.5064546,0.0042
4,1,0.009703,0.680245,0.0059545655,1.0,0.5064931,0.0042
4,2,0.009364,0.68022,0.00595426525,1.0,0.5065056,0.0042
4,3,0.009283,0.680197,0.005954047499999999,1.0,0.506517,0.0042
4,4,0.008966,0.680175,0.0059537695,1.0,0.5065285,0.0042
4,5,0.008896,0.680153,0.005953560750000001,1.0,0.5065396,0.0042
4,6,0.008591,0.680114,0.00595314675,1.0,0.5065591,0.0042
4,7,0.00855,0.680111,0.00595311075,1.0,0.5065606,0.0042
4,8,0.008259,0.680074,0.005952715000000001,1.0,0.5065793,0.0042
4,9,0.008229,0.680045,0.0059524495,1.0,0.5065943,0.0042
4,10,0.007951,0.680007,0.0059520495,1.0,0.5066134,0.0042
4,11,0.007931,0.680004,0.00595201475,1.0,0.5066151,0.0042
4,12,0.007663,0.679951,0.0059514880000000004,1.0,0.5066418,0.0042
4,13,0.007659,0.679927,0.00595127625,1.0,0.506654,0.0042
4,14,0.007403,0.67991,0.0059510635,1.0,0.5066626,0.0042
4,15,0.007415,0.67987,0.0059507202499999995,1.0,0.5066826,0.0042
4,16,0.00718,0.679852,0.00595049575,1.0,0.5066922,0.0042
4,17,0.007207,0.679818,0.0059502107500000005,1.0,0.5067091,0.0042
4,18,0.006975,0.679798,0.005949973,1.0,0.5067195,0.0042
4,19,0.007001,0.67977,0.00594973625,1.0,0.5067336,0.0042
4,20,0.00678,0.679736,0.00594938825,1.0,0.5067506,0.0042
4,21,0.006809,0.679696,0.005949044749999999,1.0,0.5067709,0.0042
4,22,0.006594,0.67968,0.005948851000000001,1.0,0.506779,0.0042
4,23,0.006633,0.679649,0.005948583,1.0,0.5067951,0.0042
4,24,0.006433,0.679636,0.00594841875,1.0,0.5068017,0.0042
4,25,0.006482,0.679593,0.00594806125,1.0,0.5068231,0.0042
4,26,0.006287,0.679575,0.0059478535,1.0,0.5068323,0.0042
4,27,0.006342,0.679545,0.0059476035,1.0,0.5068476,0.0042
4,28,0.00615,0.679517,0.0059473145,1.0,0.5068616,0.0042
4,29,0.006207,0.679481,0.0059470124999999995,1.0,0.5068799,0.0042
4,30,0.006022,0.679451,0.00594669775,1.0,0.5068954,0.0042
4,31,0.006082,0.679417,0.005946418,1.0,0.5069125,0.0042
4,32,0.005896,0.679397,0.0059461934999999995,1.0,0.5069228,0.0042
5,1,0.005958,0.679318,0.00594552275,1.0,0.5069626,0.0042
5,2,0.005778,0.679294,0.005945269749999999,1.0,0.5069746,0.0042
5,3,0.005847,0.679273,0.005945104,1.0,0.5069852,0.0042
5,4,0.005673,0.679242,0.0059447865,1.0,0.5070011,0.0042
5,5,0.005747,0.679216,0.0059445755,1.0,0.5070144,0.0042
5,6,0.005577,0.679185,0.00594426225,1.0,0.5070301,0.0042
5,7,0.00565,0.679176,0.005944202,1.0,0.5070346,0.0042
5,8,0.005479,0.679143,0.005943873499999999,1.0,0.5070512,0.0042
5,9,0.005554,0.679112,0.00594362175,1.0,0.5070669,0.0042
5,10,0.005387,0.679083,0.0059433205,1.0,0.5070819,0.0042
5,11,0.005466,0.679051,0.005943064749999999,1.0,0.5070979,0.0042
5,12,0.005306,0.679004,0.00594260975,1.0,0.5071219,0.0042
5,13,0.005391,0.678989,0.005942502499999999,1.0,0.5071294,0.0042
5,14,0.005236,0.678964,0.005942241250000001,1.0,0.5071423,0.0042
5,15,0.005319,0.678944,0.00594208575,1.0,0.5071525,0.0042
5,16,0.005163,0.678911,0.005941760999999999,1.0,0.5071691,0.0042
5,17,0.005247,0.678885,0.0059415564999999995,1.0,0.5071821,0.0042
5,18,0.005092,0.678853,0.00594123525,1.0,0.5071985,0.0042
5,19,0.005175,0.678808,0.00594086525,1.0,0.5072212,0.0042
5,20,0.005023,0.678797,0.00594072625,1.0,0.507227,0.0042
5,21,0.005108,0.678765,0.00594046725,1.0,0.5072433,0.0042
5,22,0.00496,0.678732,0.00594014425,1.0,0.5072598,0.0042
5,23,0.005047,0.678704,0.005939921250000001,1.0,0.507274,0.0042
5,24,0.004898,0.678671,0.00593959775,1.0,0.5072906,0.0042
5,25,0.004984,0.678648,0.005939420250000001,1.0,0.5073022,0.0042
5,26,0.004836,0.678625,0.00593917975,1.0,0.5073139,0.0042
5,27,0.004923,0.678595,0.00593893575,1.0,0.5073294,0.0042
5,28,0.004783,0.678562,0.0059386155,1.0,0.5073459,0.0042
5,29,0.004874,0.678534,0.00593839225,1.0,0.5073602,0.0042
5,30,0.004736,0.678497,0.0059380355,1.0,0.5073789,0.0042
5,31,0.004828,0.678467,0.0059377909999999996,1.0,0.5073944,0.0042
5,32,0.004684,0.678444,0.00593755225,1.0,0.5074061,0.0042
6,1,0.004769,0.678379,0.00593701075,1.0,0.5074388,0.0042
6,2,0.004627,0.678353,0.0059367477500000005,1.0,0.5074519,0.0042
6,3,0.004717,0.67832,0.00593648025,1.0,0.5074688,0.0042
6,4,0.004577,0.678292,0.0059362009999999995,1.0,0.5074829,0.0042
6,5,0.00467,0.678271,0.00593604275,1.0,0.5074935,0.0042
6,6,0.004532,0.678242,0.00593575125,1.0,0.5075084,0.0042
6,7,0.004622,0.678206,0.005935455,1.0,0.5075268,0.0042
6,8,0.004484,0.67818,0.005935191750000001,1.0,0.5075401,0.0042
6,9,0.004578,0.678149,0.00593494475,1.0,0.5075558,0.0042
6,10,0.004446,0.678124,0.005934698499999999,1.0,0.5075682,0.0042
6,11,0.004544,0.678092,0.00593443875,1.0,0.5075847,0.0042
6,12,0.004415,0.678077,0.0059342815,1.0,0.5075919,0.0042
6,13,0.004511,0.678044,0.005934012,1.0,0.5076089,0.0042
6,14,0.004382,0.678013,0.00593370625,1.0,0.5076248,0.0042
6,15,0.004481,0.677983,0.00593347,1.0,0.50764,0.0042
6,16,0.004358,0.677952,0.0059331725,1.0,0.5076554,0.0042
6,17,0.004459,0.677926,0.0059329655,1.0,0.5076689,0.0042
6,18,0.004334,0.67789,0.00593262075,1.0,0.5076871,0.0042
6,19,0.004429,0.677883,0.005932584249999999,1.0,0.5076906,0.0042
6,20,0.004294,0.677826,0.005932049250000001,1.0,0.5077197,0.0042
6,21,0.004373,0.677807,0.0059319025,1.0,0.5077293,0.0042
6,22,0.004229,0.677781,0.00593163925,1.0,0.5077425,0.0042
6,23,0.004315,0.677762,0.005931496499999999,1.0,0.507752,0.0042
6,24,0.004192,0.677724,0.00593113025,1.0,0.5077715,0.0042
6,25,0.004297,0.677689,0.0059308495,1.0,0.5077893,0.0042
6,26,0.004184,0.677671,0.00593066975,1.0,0.5077981,0.0042
6,27,0.004283,0.677644,0.0059304585,1.0,0.5078118,0.0042
6,28,0.004151,0.677624,0.005930244,1.0,0.5078224,0.0042
6,29,0.004232,0.677595,0.005930017750000001,1.0,0.5078367,0.0042
6,30,0.004099,0.677548,0.005929568,1.0,0.5078608,0.0042
6,31,0.004188,0.677516,0.005929313750000001,1.0,0.5078769,0.0042
6,32,0.004069,0.67748,0.005928969,1.0,0.5078952,0.0042
7,1,0.004164,0.677428,0.0059285365,1.0,0.5079217,0.0042
7,2,0.004042,0.677414,0.005928386,1.0,0.5079286,0.0042
7,3,0.00413,0.67737,0.00592802075,1.0,0.5079511,0.0042
7,4,0.004005,0.677334,0.00592767575,1.0,0.5079693,0.0042
7,5,0.004094,0.677309,0.00592747825,1.0,0.5079821,0.0042
7,6,0.003969,0.67728,0.0059271925,1.0,0.5079969,0.0042
7,7,0.004058,0.677259,0.0059270295,1.0,0.5080076,0.0042
7,8,0.003936,0.677222,0.005926675,1.0,0.5080264,0.0042
7,9,0.004025,0.677195,0.00592645925,1.0,0.5080402,0.0042
7,10,0.003906,0.677173,0.00592623725,1.0,0.5080514,0.0042
7,11,0.003999,0.677144,0.00592601025,1.0,0.5080659,0.0042
7,12,0.003885,0.67712,0.0059257747500000004,1.0,0.5080779,0.0042
7,13,0.00398,0.677077,0.005925418,1.0,0.5081,0.0042
7,14,0.003867,0.677057,0.005925212250000001,1.0,0.5081103,0.0042
7,15,0.003958,0.677025,0.0059249590000000005,1.0,0.5081264,0.0042
1,1,0.294045,0.674899,0.005978877749999999,1.0,0.5092078,0.005
1,2,0.292166,0.674878,0.00597822225,1.0,0.5092186,0.005
1,3,0.29017,0.674879,0.00597773575,1.0,0.5092179,0.005
1,4,0.288333,0.674866,0.00597715775,1.0,0.5092248,0.005
1,5,0.28656,0.67486,0.005976668,1.0,0.5092275,0.005
1,6,0.284653,0.674855,0.0059761435,1.0,0.5092303,0.005
1,7,0.282793,0.674846,0.005975597,1.0,0.5092351,0.005
1,8,0.280955,0.67483,0.005974997,1.0,0.5092432,0.005
1,9,0.279034,0.674826,0.00597448725,1.0,0.509245,0.005
1,10,0.277082,0.674825,0.0059739905,1.0,0.5092455,0.005
1,11,0.275059,0.674794,0.005973209,1.0,0.5092615,0.005
1,12,0.273029,0.674798,0.0059727437500000004,1.0,0.509259,0.005
1,13,0.270988,0.674799,0.00597223675,1.0,0.5092589,0.005
1,14,0.26889,0.674784,0.005971582749999999,1.0,0.5092664,0.005
1,15,0.266724,0.674759,0.00597082525,1.0,0.509279,0.005
1,16,0.264511,0.674763,0.00597030375,1.0,0.5092771,0.005
1,17,0.262264,0.674751,0.0059696375000000005,1.0,0.5092832,0.005
1,18,0.25996,0.674726,0.005968843749999999,1.0,0.5092959,0.005
1,19,0.25762,0.674732,0.005968311,1.0,0.5092928,0.005
1,20,0.255207,0.674712,0.005967531250000001,1.0,0.5093031,0.005
1,21,0.252746,0.674704,0.00596685075,1.0,0.5093069,0.005
1,22,0.250207,0.674693,0.00596611575,1.0,0.5093127,0.005
1,23,0.247601,0.674681,0.005965363,1.0,0.5093186,0.005
1,24,0.244961,0.674667,0.00596457825,1.0,0.5093259,0.005
1,25,0.242259,0.674647,0.00596372625,1.0,0.5093362,0.005
1,26,0.239478,0.674653,0.005963086750000001,1.0,0.5093329,0.005
1,27,0.236638,0.674649,0.0059623342499999996,1.0,0.5093354,0.005
1,28,0.233745,0.674642,0.0059615562500000005,1.0,0.5093386,0.005
1,29,0.230777,0.674621,0.0059606245,1.0,0.5093496,0.005
1,30,0.227748,0.674616,0.0059598262499999995,1.0,0.509352,0.005
1,31,0.224651,0.674606,0.00595896225,1.0,0.5093572,0.005
1,32,0.221491,0.674587,0.005958008999999999,1.0,0.5093667,0.005
2,1,0.218266,0.674557,0.0059569415,1.0,0.509382,0.005
2,2,0.214979,0.674553,0.00595607925,1.0,0.5093843,0.005
2,3,0.211623,0.674542,0.005955152,1.0,0.5093895,0.005
2,4,0.208204,0.674537,0.005954254,1.0,0.509392,0.005
2,5,0.204723,0.674536,0.00595337025,1.0,0.5093928,0.005
2,6,0.201169,0.674519,0.0059523335,1.0,0.5094014,0.005
2,7,0.197559,0.67452,0.00595144025,1.0,0.5094009,0.005
2,8,0.193881,0.674521,0.0059505315,1.0,0.5094002,0.005
2,9,0.190147,0.674517,0.00594955825,1.0,0.5094025,0.005
2,10,0.186332,0.674503,0.005948482000000001,1.0,0.5094097,0.005
2,11,0.182467,0.674506,0.00594754225,1.0,0.5094081,0.005
2,12,0.178533,0.674495,0.00594646125,1.0,0.5094138,0.005
2,13,0.174547,0.674499,0.00594550525,1.0,0.5094114,0.005
2,14,0.170503,0.674494,0.00594445225,1.0,0.5094139,0.005
2,15,0.166391,0.674492,0.0059433985,1.0,0.5094154,0.005
2,16,0.16223,0.674481,0.00594226775,1.0,0.5094207,0.005
2,17,0.158015,0.674478,0.00594118425,1.0,0.5094224,0.005
2,18,0.153742,0.674479,0.0059401265,1.0,0.5094218,0.005
2,19,0.149411,0.674461,0.0059388845,1.0,0.509431,0.005
2,20,0.145036,0.67447,0.005937873,1.0,0.5094263,0.005
2,21,0.140601,0.674462,0.0059366965,1.0,0.5094302,0.005
2,22,0.136117,0.674454,0.00593550475,1.0,0.5094343,0.005
2,23,0.131586,0.674466,0.005934473,1.0,0.5094284,0.005
2,24,0.127008,0.674468,0.0059333435,1.0,0.5094276,0.005
2,25,0.12238,0.674444,0.005931981,1.0,0.5094395,0.005
2,26,0.117715,0.674439,0.00593077,1.0,0.5094421,0.005
2,27,0.113021,0.674451,0.00592969775,1.0,0.5094362,0.005
2,28,0.108283,0.67444,0.0059284185,1.0,0.5094418,0.005
2,29,0.103497,0.674439,0.0059272182500000005,1.0,0.509442,0.005
2,30,0.09865,0.674435,0.00592596525,1.0,0.5094444,0.005
2,31,0.093783,0.674429,0.005924698,1.0,0.5094473,0.005
2,32,0.088886,0.674434,0.0059235172499999995,1.0,0.5094448,0.005
3,1,0.083949,0.674387,0.005921872999999999,1.0,0.5094687,0.005
3,2,0.078983,0.674392,0.0059206765,1.0,0.509466,0.005
3,3,0.073978,0.67438,0.00591932375,1.0,0.509472,0.005
3,4,0.068943,0.674385,0.00591810025,1.0,0.5094699,0.005
3,5,0.063874,0.674387,0.005916854,1.0,0.5094687,0.005
3,6,0.058754,0.674377,0.00591548325,1.0,0.509474,0.005
3,7,0.053586,0.674371,0.00591414,1.0,0.5094769,0.005
3,8,0.048402,0.674378,0.005912912,1.0,0.509473,0.005
3,9,0.043193,0.674372,0.0059115555,1.0,0.5094761,0.005
3,10,0.037936,0.674372,0.00591023675,1.0,0.5094764,0.005
3,11,0.032642,0.67437,0.005908894499999999,1.0,0.5094775,0.005
3,12,0.02731,0.674358,0.005907460999999999,1.0,0.5094834,0.005
1,1,0.278341,0.671807,0.0059478957499999995,1.0,0.5107848,0.007
1,1,0.292465,0.671422,0.0059480565,1.0,0.5109816,0.008
1,2,0.290981,0.671383,0.005947350499999999,1.0,0.5110011,0.008
1,1,0.285831,0.671611,0.00594804975,1.0,0.5108851,0.0075
1,2,0.284179,0.671576,0.0059473320000000005,1.0,0.5109029,0.0075
1,3,0.282505,0.671552,0.0059467035,1.0,0.5109152,0.0075
1,4,0.281121,0.671522,0.0059460975,1.0,0.5109304,0.0075
1,5,0.279673,0.671507,0.0059456045,1.0,0.510938,0.0075
1,6,0.27832,0.671474,0.005944979499999999,1.0,0.5109548,0.0075
1,7,0.276927,0.671452,0.005944433,1.0,0.5109663,0.0075
1,8,0.275465,0.671414,0.00594374,1.0,0.5109855,0.0075
1,9,0.274029,0.671391,0.005943175,1.0,0.5109975,0.0075
1,10,0.272611,0.671377,0.005942703,1.0,0.5110044,0.0075
1,11,0.271158,0.671326,0.00594188925,1.0,0.5110307,0.0075
1,12,0.269678,0.67132,0.0059414674999999995,1.0,0.5110337,0.0075
1,13,0.268161,0.6713,0.0059409195,1.0,0.5110435,0.0075
1,14,0.266621,0.671261,0.00594019275,1.0,0.5110635,0.0075
1,15,0.265081,0.671233,0.005939563,1.0,0.5110778,0.0075
1,16,0.263537,0.671213,0.00593899625,1.0,0.5110884,0.0075
1,17,0.261937,0.671179,0.0059383045,1.0,0.5111054,0.0075
1,18,0.260296,0.671149,0.00593762725,1.0,0.511121,0.0075
1,19,0.258639,0.671131,0.00593705975,1.0,0.5111299,0.0075
1,20,0.25694,0.671085,0.005936228500000001,1.0,0.5111537,0.0075
1,21,0.255207,0.671071,0.005935671,1.0,0.511161,0.0075
1,22,0.25344,0.671043,0.00593498525,1.0,0.5111752,0.0075
1,23,0.251648,0.671016,0.005934305,1.0,0.5111888,0.0075
1,24,0.249821,0.671001,0.00593371375,1.0,0.5111966,0.0075
1,25,0.247965,0.670975,0.00593302125,1.0,0.51121,0.0075
1,26,0.246059,0.670939,0.0059322344999999995,1.0,0.5112281,0.0075
1,27,0.244121,0.670916,0.00593154775,1.0,0.5112399,0.0075
1,28,0.242153,0.670886,0.0059307945,1.0,0.5112552,0.0075
1,29,0.240161,0.670885,0.00593028725,1.0,0.5112557,0.0075
1,30,0.238117,0.670849,0.0059294545,1.0,0.5112745,0.0075
1,31,0.236038,0.670813,0.0059286275,1.0,0.5112925,0.0075
1,32,0.233936,0.67079,0.005927897,1.0,0.5113045,0.0075
2,1,0.231787,0.670738,0.00592690725,1.0,0.5113309,0.0075
2,2,0.229619,0.67072,0.00592620325,1.0,0.5113404,0.0075
2,3,0.22741,0.67069,0.005925391,1.0,0.5113556,0.0075
2,4,0.225175,0.670675,0.0059247,1.0,0.5113633,0.0075
2,5,0.222896,0.670658,0.005923985499999999,1.0,0.5113718,0.0075
2,6,0.220586,0.670634,0.0059231959999999995,1.0,0.5113841,0.0075
2,7,0.218238,0.670609,0.00592238475,1.0,0.5113973,0.0075
2,8,0.215865,0.670595,0.0059216705,1.0,0.5114043,0.0075
2,9,0.213454,0.670567,0.00592082225,1.0,0.5114187,0.0075
2,10,0.211009,0.670546,0.005920026,1.0,0.5114295,0.0075
2,11,0.208549,0.670533,0.0059192972499999994,1.0,0.5114361,0.0075
2,12,0.206057,0.670513,0.005918503,1.0,0.5114461,0.0075
2,13,0.203528,0.670474,0.005917528500000001,1.0,0.5114662,0.0075
2,14,0.200982,0.670465,0.0059168155,1.0,0.5114706,0.0075
2,15,0.198401,0.670439,0.00591593925,1.0,0.5114841,0.0075
2,16,0.195808,0.670426,0.00591517975,1.0,0.5114906,0.0075
2,17,0.193183,0.67041,0.005914386000000001,1.0,0.5114987,0.0075
2,18,0.190533,0.670392,0.005913567,1.0,0.5115078,0.0075
2,19,0.187854,0.670358,0.005912598,1.0,0.5115253,0.0075
2,20,0.185153,0.670329,0.005911669,1.0,0.5115401,0.0075
2,21,0.182437,0.670322,0.00591092375,1.0,0.511544,0.0075
2,22,0.179698,0.670291,0.00590997275,1.0,0.5115596,0.0075
2,23,0.176942,0.670276,0.00590914775,1.0,0.5115675,0.0075
2,24,0.174169,0.670246,0.0059081970000000004,1.0,0.5115826,0.0075
2,25,0.171379,0.670238,0.0059074235,1.0,0.511587,0.0075
2,26,0.168564,0.670206,0.00590644275,1.0,0.5116032,0.0075
2,27,0.165753,0.670205,0.00590573125,1.0,0.5116037,0.0075
2,28,0.162917,0.670178,0.00590478825,1.0,0.5116174,0.0075
2,29,0.160078,0.670149,0.00590381975,1.0,0.5116325,0.0075
2,30,0.157226,0.67013,0.00590294175,1.0,0.5116422,0.0075
2,31,0.154365,0.670093,0.00590190075,1.0,0.5116612,0.0075
2,32,0.151503,0.670077,0.00590105025,1.0,0.5116691,0.0075
3,1,0.148626,0.670032,0.00589993725,1.0,0.5116922,0.0075
3,2,0.145747,0.669999,0.0058989265,1.0,0.5117092,0.0075
3,3,0.14288,0.669989,0.005898122,1.0,0.5117143,0.0075
3,4,0.139994,0.669961,0.0058971580000000004,1.0,0.5117285,0.0075
3,5,0.137116,0.669931,0.00589617375,1.0,0.511744,0.0075
3,6,0.134244,0.669925,0.00589540725,1.0,0.5117468,0.0075
3,7,0.131368,0.669903,0.005894493,1.0,0.5117582,0.0075
3,8,0.1285,0.669877,0.00589355,1.0,0.5117715,0.0075
3,9,0.125631,0.669852,0.00589261275,1.0,0.5117843,0.0075
3,10,0.122777,0.669831,0.00589171425,1.0,0.5117951,0.0075
3,11,0.11993,0.669811,0.005890831,1.0,0.5118052,0.0075
3,12,0.117096,0.669791,0.0058899452500000005,1.0,0.5118155,0.0075
3,13,0.114271,0.669764,0.0058890042500000005,1.0,0.5118293,0.0075
3,14,0.111462,0.669755,0.0058882182500000005,1.0,0.5118342,0.0075
3,15,0.10866,0.669731,0.0058873137499999995,1.0,0.5118461,0.0075
3,16,0.10587,0.669702,0.00588636175,1.0,0.511861,0.0075
3,17,0.103095,0.669671,0.00588539425,1.0,0.511877,0.0075
3,18,0.100339,0.669659,0.005884597,1.0,0.5118833,0.0075
3,19,0.097596,0.669629,0.005883656,1.0,0.5118983,0.0075
3,20,0.094873,0.669608,0.0058827852500000005,1.0,0.5119094,0.0075
3,21,0.092165,0.669571,0.00588178475,1.0,0.5119283,0.0075
3,22,0.08948,0.669563,0.00588104225,1.0,0.5119325,0.0075
3,23,0.086812,0.669536,0.00588014325,1.0,0.5119461,0.0075
3,24,0.084162,0.669508,0.005879232250000001,1.0,0.5119606,0.0075
3,25,0.081536,0.669495,0.005878462,1.0,0.5119673,0.0075
3,26,0.078932,0.669471,0.0058776085,1.0,0.5119791,0.0075
3,27,0.076344,0.669436,0.005876651500000001,1.0,0.5119972,0.0075
3,28,0.07378,0.669415,0.00587582425,1.0,0.5120081,0.0075
3,29,0.071231,0.669391,0.0058749825,1.0,0.5120201,0.0075
3,30,0.068707,0.669354,0.00587402575,1.0,0.5120392,0.0075
3,31,0.066206,0.669339,0.005873265,1.0,0.5120471,0.0075
3,32,0.063728,0.669309,0.005872385000000001,1.0,0.5120623,0.0075
4,1,0.061268,0.669258,0.00587132625,1.0,0.5120883,0.0075
4,2,0.058834,0.669226,0.00587043375,1.0,0.5121049,0.0075
4,3,0.05642,0.669187,0.0058694915,1.0,0.5121248,0.0075
4,4,0.054026,0.669172,0.0058687645,1.0,0.5121323,0.0075
4,5,0.051647,0.669147,0.0058679515,1.0,0.512145,0.0075
4,6,0.049283,0.669119,0.00586710825,1.0,0.5121598,0.0075
4,7,0.046937,0.669087,0.00586624725,1.0,0.5121759,0.0075
4,8,0.044612,0.669067,0.0058654935,1.0,0.512186,0.0075
4,9,0.042312,0.669044,0.0058647145,1.0,0.5121979,0.0075
4,10,0.040031,0.669021,0.005863938250000001,1.0,0.51221,0.0075
4,11,0.037775,0.66899,0.005863105499999999,1.0,0.5122257,0.0075
4,12,0.035536,0.668955,0.0058622414999999995,1.0,0.5122435,0.0075
4,13,0.033336,0.668935,0.0058615135,1.0,0.5122539,0.0075
4,14,0.031151,0.668908,0.005860736,1.0,0.5122675,0.0075
4,15,0.029037,0.668882,0.00585997925,1.0,0.5122808,0.0075
4,16,0.02701,0.668852,0.0058592062499999995,1.0,0.5122964,0.0075
4,17,0.025062,0.668823,0.00585846975,1.0,0.512311,0.0075
4,18,0.023317,0.668784,0.005857686250000001,1.0,0.5123314,0.0075
1,1,0.172509,0.666897,0.005878477,1.0,0.5132988,0.0085
1,2,0.170657,0.666886,0.00587791425,1.0,0.5133047,0.0085
1,1,0.223381,0.665827,0.005881830500000001,1.0,0.5138485,0.013
1,1,0.274036,0.663139,0.005870974,1.0,0.5152316,0.02
1,2,0.27128,0.663087,0.00586983075,1.0,0.5152583,0.02
1,3,0.269161,0.663048,0.00586895875,1.0,0.5152785,0.02
1,4,0.267118,0.663008,0.005868097,1.0,0.5152991,0.02
1,5,0.26516,0.662957,0.00586716675,1.0,0.5153251,0.02
1,6,0.263307,0.662918,0.005866357,1.0,0.5153455,0.02
1,7,0.261504,0.662887,0.005865641499999999,1.0,0.5153611,0.02
1,8,0.259701,0.662841,0.0058647875,1.0,0.5153848,0.02
1,9,0.257879,0.662792,0.0058638985,1.0,0.5154104,0.02
1,10,0.256082,0.662756,0.00586313875,1.0,0.5154287,0.02
1,11,0.254319,0.662687,0.00586209325,1.0,0.5154643,0.02
1,12,0.252565,0.662648,0.00586131225,1.0,0.5154845,0.02
1,13,0.250814,0.662615,0.00586058225,1.0,0.5155017,0.02
1,14,0.249052,0.662587,0.0058598982499999995,1.0,0.515516,0.02
1,15,0.247276,0.662525,0.00585890875,1.0,0.5155482,0.02
1,16,0.245513,0.662481,0.00585808925,1.0,0.5155705,0.02
1,17,0.243726,0.662432,0.0058572095,1.0,0.515596,0.02
1,18,0.241937,0.662405,0.0058565252499999994,1.0,0.51561,0.02
1,19,0.240133,0.662351,0.0058556045,1.0,0.5156376,0.02
1,20,0.238324,0.66231,0.0058547925,1.0,0.5156588,0.02
1,21,0.236501,0.662265,0.005853947,1.0,0.5156818,0.02
1,22,0.234669,0.662221,0.0058531007500000004,1.0,0.5157047,0.02
1,23,0.232827,0.662165,0.0058521485,1.0,0.5157337,0.02
1,24,0.230977,0.662126,0.0058513485,1.0,0.5157536,0.02
1,25,0.22911,0.662074,0.005850421749999999,1.0,0.5157807,0.02
1,26,0.227236,0.662027,0.00584954225,1.0,0.5158049,0.02
1,27,0.225352,0.661995,0.005848795499999999,1.0,0.5158212,0.02
1,28,0.223452,0.661959,0.00584800625,1.0,0.5158397,0.02
1,29,0.22154,0.661913,0.00584712725,1.0,0.5158633,0.02
1,30,0.219615,0.661873,0.00584629425,1.0,0.5158841,0.02
1,31,0.217674,0.66182,0.0058453415,1.0,0.5159116,0.02
1,32,0.215727,0.661776,0.0058444707500000005,1.0,0.5159343,0.02
2,1,0.213756,0.661711,0.00584340975,1.0,0.5159678,0.02
2,2,0.211784,0.661663,0.0058424984999999995,1.0,0.5159924,0.02
2,3,0.209809,0.661621,0.00584163675,1.0,0.5160142,0.02
2,4,0.207808,0.661571,0.00584069625,1.0,0.5160401,0.02
2,5,0.205812,0.661534,0.00583987225,1.0,0.5160593,0.02
2,6,0.203803,0.661487,0.00583896125,1.0,0.5160834,0.02
2,7,0.20179,0.661446,0.00583810275,1.0,0.5161044,0.02
2,8,0.199766,0.66141,0.005837279,1.0,0.5161231,0.02
2,9,0.197741,0.661365,0.005836382750000001,1.0,0.5161461,0.02
2,10,0.195699,0.661327,0.00583553225,1.0,0.5161661,0.02
2,11,0.193663,0.661286,0.0058346677500000005,1.0,0.5161871,0.02
2,12,0.191622,0.661235,0.0058337095,1.0,0.5162135,0.02
2,13,0.189571,0.661204,0.005832924000000001,1.0,0.5162296,0.02
2,14,0.187524,0.661157,0.00583200375,1.0,0.5162537,0.02
2,15,0.185471,0.661112,0.005831098,1.0,0.5162769,0.02
2,16,0.183416,0.661083,0.005830327,1.0,0.5162921,0.02
2,17,0.181356,0.661023,0.0058292885,1.0,0.516323,0.02
2,18,0.179307,0.660982,0.005828415500000001,1.0,0.5163443,0.02
2,19,0.177259,0.66095,0.0058276305,1.0,0.5163604,0.02
2,20,0.175199,0.660895,0.005826628249999999,1.0,0.5163891,0.02
2,21,0.173143,0.660856,0.0058257765,1.0,0.5164091,0.02
2,22,0.171096,0.660813,0.00582489,1.0,0.5164312,0.02
2,23,0.16904,0.660769,0.00582398725,1.0,0.5164541,0.02
2,24,0.167,0.660734,0.0058231735,1.0,0.516472,0.02
2,25,0.164954,0.660681,0.00582219575,1.0,0.5164996,0.02
2,26,0.162921,0.660644,0.0058213679999999995,1.0,0.5165184,0.02
2,27,0.160894,0.660607,0.0058205315,1.0,0.5165379,0.02
2,28,0.158864,0.660555,0.0058195750000000004,1.0,0.5165644,0.02
2,29,0.156854,0.660519,0.00581875175,1.0,0.5165833,0.02
2,30,0.154836,0.660464,0.0058177695,1.0,0.5166115,0.02
2,31,0.15284,0.660416,0.0058168515,1.0,0.5166363,0.02
2,32,0.150849,0.660376,0.00581600075,1.0,0.5166571,0.02
3,1,0.148857,0.660298,0.005814824749999999,1.0,0.5166972,0.02
3,2,0.146876,0.660253,0.0058139305,1.0,0.5167207,0.02
3,3,0.144913,0.660207,0.00581304075,1.0,0.5167443,0.02
3,4,0.142962,0.660164,0.0058121775,1.0,0.5167665,0.02
3,5,0.14102,0.660115,0.0058112605,1.0,0.5167919,0.02
3,6,0.139088,0.660073,0.00581041,1.0,0.5168136,0.02
3,7,0.137168,0.66004,0.00580964625,1.0,0.5168304,0.02
3,8,0.135255,0.65998,0.005808638499999999,1.0,0.5168617,0.02
3,9,0.133366,0.659944,0.005807847749999999,1.0,0.5168805,0.02
3,10,0.13148,0.659895,0.005806948,1.0,0.5169058,0.02
3,11,0.129608,0.659842,0.005806023749999999,1.0,0.5169328,0.02
3,12,0.127758,0.659802,0.00580520825,1.0,0.5169536,0.02
3,13,0.125924,0.659761,0.005804387,1.0,0.516975,0.02
3,14,0.124103,0.659728,0.005803644,1.0,0.516992,0.02
3,15,0.122292,0.659667,0.00580265625,1.0,0.5170237,0.02
3,16,0.120492,0.65962,0.005801802,1.0,0.5170475,0.02
3,17,0.118719,0.659579,0.005800995000000001,1.0,0.517069,0.02
3,18,0.116948,0.659514,0.0057999875,1.0,0.5171024,0.02
3,19,0.115199,0.659476,0.005799212,1.0,0.5171224,0.02
3,20,0.113463,0.659438,0.005798447,1.0,0.517142,0.02
3,21,0.11174,0.659388,0.0057975835,1.0,0.5171675,0.02
3,22,0.110033,0.659335,0.00579668575,1.0,0.5171954,0.02
3,23,0.108343,0.659288,0.0057958585,1.0,0.5172193,0.02
3,24,0.106673,0.65924,0.00579501575,1.0,0.5172444,0.02
3,25,0.105013,0.659188,0.0057941485000000004,1.0,0.5172712,0.02
3,26,0.10337,0.659129,0.005793223,1.0,0.5173016,0.02
3,27,0.101749,0.659097,0.005792534,1.0,0.5173184,0.02
3,28,0.100146,0.659048,0.00579170875,1.0,0.5173435,0.02
3,29,0.098548,0.658994,0.00579083575,1.0,0.5173715,0.02
3,30,0.096969,0.658944,0.005790004749999999,1.0,0.5173973,0.02
3,31,0.095413,0.658903,0.00578925525,1.0,0.5174186,0.02
3,32,0.093869,0.65885,0.005788409,1.0,0.5174458,0.02
4,1,0.092332,0.658769,0.0057873115000000004,1.0,0.517488,0.02
4,2,0.09083,0.658716,0.00578646925,1.0,0.5175156,0.02
4,3,0.089338,0.65867,0.0057857,1.0,0.517539,0.02
4,4,0.087857,0.658609,0.00578479625,1.0,0.5175706,0.02
4,5,0.086396,0.658569,0.0057840734999999996,1.0,0.5175917,0.02
4,6,0.084945,0.658508,0.00578318425,1.0,0.5176229,0.02
4,7,0.083515,0.658464,0.0057824345,1.0,0.5176461,0.02
4,8,0.082106,0.658413,0.00578164025,1.0,0.5176722,0.02
4,9,0.08071,0.658364,0.005780864,1.0,0.5176975,0.02
4,10,0.079335,0.658304,0.00577999775,1.0,0.5177284,0.02
4,11,0.077976,0.658262,0.0057792862500000005,1.0,0.5177504,0.02
4,12,0.076626,0.658206,0.005778457999999999,1.0,0.5177795,0.02
4,13,0.075301,0.65816,0.0057777295,1.0,0.517803,0.02
4,14,0.073991,0.658112,0.005776977,1.0,0.5178281,0.02
4,15,0.072692,0.658064,0.00577623075,1.0,0.5178531,0.02
4,16,0.071411,0.658011,0.0057754469999999995,1.0,0.5178805,0.02
4,17,0.070146,0.657949,0.0057745915,1.0,0.5179124,0.02
4,18,0.068897,0.657896,0.0057738120000000006,1.0,0.5179401,0.02
4,19,0.067665,0.65786,0.00577319325,1.0,0.5179585,0.02
4,20,0.066448,0.657794,0.0057723105,1.0,0.5179927,0.02
4,21,0.065247,0.657747,0.0057715985,1.0,0.5180171,0.02
4,22,0.064057,0.657701,0.005770894249999999,1.0,0.5180412,0.02
4,23,0.062889,0.657644,0.0057701075,1.0,0.5180704,0.02
4,24,0.061731,0.657583,0.00576927975,1.0,0.5181023,0.02
4,25,0.06059,0.657536,0.0057685845,1.0,0.5181266,0.02
4,26,0.05946,0.657474,0.0057677597499999995,1.0,0.5181587,0.02
4,27,0.058348,0.657432,0.00576711775,1.0,0.5181803,0.02
4,28,0.057248,0.657377,0.0057663615,1.0,0.5182088,0.02
4,29,0.056169,0.65732,0.00576559525,1.0,0.5182382,0.02
4,30,0.055103,0.657265,0.005764842500000001,1.0,0.518267,0.02
4,31,0.054046,0.657201,0.005764018,1.0,0.5183002,0.02
4,32,0.053007,0.657158,0.005763385,1.0,0.5183223,0.02
5,1,0.051977,0.657075,0.0057624009999999995,1.0,0.5183653,0.02
5,2,0.050963,0.657007,0.00576154775,1.0,0.5184008,0.02
5,3,0.049966,0.656975,0.005761023,1.0,0.5184172,0.02
5,4,0.048984,0.656912,0.005760222,1.0,0.5184501,0.02
5,5,0.048008,0.656855,0.005759478750000001,1.0,0.5184796,0.02
5,6,0.04705,0.656803,0.005758789,1.0,0.5185063,0.02
5,7,0.046106,0.656756,0.00575813875,1.0,0.5185309,0.02
5,8,0.045173,0.656701,0.005757429499999999,1.0,0.5185591,0.02
5,9,0.044255,0.656642,0.00575667825,1.0,0.51859,0.02
5,10,0.043349,0.656586,0.005755968249999999,1.0,0.5186187,0.02
5,11,0.042456,0.656534,0.005755285,1.0,0.5186459,0.02
5,12,0.041581,0.656482,0.005754609999999999,1.0,0.518673,0.02
5,13,0.040717,0.656437,0.00575400225,1.0,0.5186962,0.02
5,14,0.039867,0.656382,0.00575331125,1.0,0.5187246,0.02
5,15,0.039029,0.656322,0.00575257175,1.0,0.518756,0.02
5,16,0.038204,0.656269,0.005751905,1.0,0.5187833,0.02
5,17,0.037391,0.656222,0.0057512935,1.0,0.5188075,0.02
5,18,0.036586,0.656152,0.0057504805,1.0,0.5188438,0.02
5,19,0.035795,0.656105,0.005749869249999999,1.0,0.5188683,0.02
5,20,0.035016,0.656059,0.00574927275,1.0,0.5188921,0.02
5,21,0.034246,0.655984,0.0057484254999999995,1.0,0.5189309,0.02
5,22,0.033496,0.655942,0.0057478625,1.0,0.5189532,0.02
5,23,0.032753,0.655884,0.005747172,1.0,0.5189831,0.02
5,24,0.032024,0.655835,0.005746564,1.0,0.5190084,0.02
5,25,0.031306,0.655772,0.005745832,1.0,0.5190412,0.02
5,26,0.0306,0.655725,0.0057452449999999995,1.0,0.5190655,0.02
5,27,0.029905,0.65567,0.005744593,1.0,0.5190939,0.02
5,28,0.029221,0.655613,0.0057439155,1.0,0.519124,0.02
5,29,0.028549,0.655564,0.0057433252499999995,1.0,0.519149,0.02
5,30,0.027886,0.655499,0.00574258575,1.0,0.519183,0.02
5,31,0.027238,0.655439,0.005741904,1.0,0.5192139,0.02
1,1,0.093354,0.597817,0.0052542405,1.0,0.5500108,0.1
1,2,0.090143,0.597784,0.005253143,1.0,0.5500293,0.1
1,1,0.213515,0.430767,0.00382258975,1.0,0.6500104,0.3
1,2,0.20848,0.430723,0.0038209430000000003,1.0,0.6500392,0.3
1,3,0.203252,0.43068,0.0038192620000000004,1.0,0.650067,0.3
1,1,0.213513,0.430773,0.00382264375,1.0,0.6500063,0.3
1,2,0.208469,0.430726,0.00382097,1.0,0.650037,0.3
1,3,0.203279,0.430677,0.0038192425,1.0,0.6500689,0.3
1,4,0.198322,0.430621,0.0038175147499999998,1.0,0.6501052,0.3
1,5,0.193464,0.430579,0.00381593075,1.0,0.6501327,0.3
1,6,0.188612,0.430527,0.00381426075,1.0,0.6501666,0.3
1,7,0.183739,0.430481,0.00381264,1.0,0.6501965,0.3
1,8,0.178942,0.430429,0.0038109852499999997,1.0,0.6502304,0.3
1,9,0.17422,0.430386,0.00380943225,1.0,0.6502581,0.3
1,10,0.169488,0.430326,0.0038077275,1.0,0.6502968,0.3
1,11,0.164761,0.430297,0.0038062922499999996,1.0,0.6503157,0.3
1,12,0.160068,0.430239,0.0038046060000000003,1.0,0.6503538,0.3
1,13,0.155416,0.430184,0.0038029615,1.0,0.6503896,0.3
1,14,0.150869,0.430135,0.0038014005,1.0,0.6504211,0.3
1,15,0.146345,0.430093,0.003799899,1.0,0.6504487,0.3
1,16,0.141813,0.430044,0.0037983375000000003,1.0,0.6504805,0.3
1,17,0.137362,0.429992,0.0037967697500000002,1.0,0.6505143,0.3
1,18,0.132958,0.42995,0.003795298,1.0,0.6505419,0.3
1,19,0.12865,0.429891,0.0037937075,1.0,0.6505801,0.3
1,20,0.124411,0.429847,0.00379226375,1.0,0.6506087,0.3
1,21,0.120218,0.429796,0.0037907715,1.0,0.6506417,0.3
1,22,0.116105,0.429739,0.0037892415000000002,1.0,0.650679,0.3
1,23,0.112077,0.429692,0.00378782675,1.0,0.6507093,0.3
1,24,0.108132,0.429639,0.00378637025,1.0,0.6507443,0.3
1,25,0.104242,0.429593,0.0037849957500000002,1.0,0.6507742,0.3
1,26,0.100446,0.429546,0.00378363575,1.0,0.6508047,0.3
1,27,0.096744,0.429498,0.0037822949999999998,1.0,0.6508356,0.3
1,28,0.093141,0.429446,0.0037809375,1.0,0.6508696,0.3
1,29,0.089614,0.429403,0.00377968175,1.0,0.6508974,0.3
1,30,0.086182,0.42935,0.00377836075,1.0,0.6509318,0.3
1,31,0.082847,0.429297,0.0037770605000000002,1.0,0.6509666,0.3
1,32,0.079603,0.429236,0.0037757175,1.0,0.6510061,0.3
2,1,0.076439,0.429164,0.00377429675,1.0,0.651053,0.3
2,2,0.073399,0.429123,0.003773177,1.0,0.6510798,0.3
2,3,0.070431,0.429074,0.0037720057499999998,1.0,0.6511117,0.3
2,4,0.06756,0.429017,0.00377079075,1.0,0.6511487,0.3
2,5,0.06479,0.42897,0.00376968375,1.0,0.6511796,0.3
2,6,0.062114,0.428921,0.0037685905000000002,1.0,0.6512111,0.3
2,7,0.059516,0.428882,0.0037675967500000003,1.0,0.6512368,0.3
2,8,0.056999,0.428816,0.0037663905,1.0,0.6512797,0.3
2,9,0.054607,0.428773,0.00376541375,1.0,0.6513079,0.3
2,10,0.052274,0.428715,0.003764328,1.0,0.6513453,0.3
1,1,0.132456,0.0,3.3113999999999995e-05,1.0,1.0,1.0
1,2,0.126861,4.9e-05,3.2140750000000006e-05,1.0,0.9999514,1.0
1,3,0.120599,1.3e-05,3.026075e-05,1.0,0.9999873,1.0
1,4,0.115034,3e-05,2.90205e-05,1.0,0.9999701,1.0
1,5,0.109892,4.1e-05,2.7832499999999998e-05,1.0,0.9999589,1.0
1,6,0.104686,3.6e-05,2.648775e-05,1.0,0.9999639,1.0
1,1,0.132444,-0.0,3.3111e-05,1.0,1.0,1.0
1,2,0.126831,0.0,3.170775e-05,1.0,1.0,1.0
1,3,0.120587,0.0,3.014675e-05,1.0,1.0,1.0
1,4,0.115096,0.0,2.8774e-05,1.0,1.0,1.0
1,5,0.109956,0.0,2.7489e-05,1.0,1.0,1.0
1,6,0.10471,0.0,2.6177499999999998e-05,1.0,1.0,1.0
1,7,0.099634,0.0,2.49085e-05,1.0,1.0,1.0
1,8,0.094844,0.0,2.3711e-05,1.0,1.0,1.0
1,9,0.090347,0.0,2.258675e-05,1.0,1.0,1.0
1,10,0.086032,0.0,2.1507999999999998e-05,1.0,1.0,1.0
1,11,0.081847,0.0,2.046175e-05,1.0,1.0,1.0
1,12,0.077804,0.0,1.9451e-05,1.0,1.0,1.0
1,13,0.073998,-0.0,1.8499499999999998e-05,1.0,1.0,1.0
1,14,0.070435,-0.0,1.760875e-05,1.0,1.0,1.0
1,15,0.067008,-0.0,1.6751999999999998e-05,1.0,1.0,1.0
1,16,0.063731,-0.0,1.5932749999999998e-05,1.0,1.0,1.0
1,17,0.060589,-0.0,1.514725e-05,1.0,1.0,1.0
1,18,0.057614,-0.0,1.44035e-05,1.0,1.0,1.0
1,19,0.05479,-0.0,1.3697499999999999e-05,1.0,1.0,1.0
1,20,0.052135,-0.0,1.303375e-05,1.0,1.0,1.0
1,21,0.04961,-0.0,1.24025e-05,1.0,1.0,1.0
1,22,0.047222,-0.0,1.18055e-05,1.0,1.0,1.0
1,23,0.044951,-0.0,1.123775e-05,1.0,1.0,1.0
1,24,0.042804,-0.0,1.0701e-05,1.0,1.0,1.0
1,25,0.040812,-0.0,1.0203e-05,1.0,1.0,1.0
1,26,0.038906,-0.0,9.7265e-06,1.0,1.0,1.0
1,27,0.037108,-0.0,9.277000000000001e-06,1.0,1.0,1.0
1,28,0.035394,-0.0,8.8485e-06,1.0,1.0,1.0
1,29,0.033781,-0.0,8.44525e-06,1.0,1.0,1.0
1,30,0.032261,-0.0,8.065249999999999e-06,1.0,1.0,1.0
1,31,0.030817,-0.0,7.70425e-06,1.0,1.0,1.0
1,32,0.029455,-0.0,7.36375e-06,1.0,1.0,1.0
2,1,0.028126,-0.0,7.0315e-06,1.0,1.0,1.0
2,2,0.026899,-0.0,6.7247499999999994e-06,1.0,1.0,1.0
2,3,0.025723,-0.0,6.43075e-06,1.0,1.0,1.0
2,4,0.024613,-0.0,6.15325e-06,1.0,1.0,1.0
2,5,0.023561,-0.0,5.89025e-06,1.0,1.0,1.0
2,6,0.022563,-0.0,5.64075e-06,1.0,1.0,1.0
2,7,0.021621,-0.0,5.4052500000000005e-06,1.0,1.0,1.0
2,8,0.020721,-0.0,5.18025e-06,1.0,1.0,1.0
2,9,0.019877,-0.0,4.96925e-06,1.0,1.0,1.0
2,10,0.019092,-0.0,4.773000000000001e-06,1.0,1.0,1.0
2,11,0.018335,-0.0,4.58375e-06,1.0,1.0,1.0
2,12,0.017641,-0.0,4.41025e-06,1.0,1.0,1.0
2,13,0.016976,-0.0,4.244e-06,1.0,1.0,1.0
2,14,0.016355,-0.0,4.0887500000000005e-06,1.0,1.0,1.0
2,15,0.015765,-0.0,3.941250000000001e-06,1.0,1.0,1.0
2,16,0.015202,-0.0,3.8005e-06,1.0,1.0,1.0
2,17,0.014685,-0.0,3.6712500000000002e-06,1.0,1.0,1.0
2,18,0.014185,-0.0,3.5462499999999997e-06,1.0,1.0,1.0
2,19,0.013718,-0.0,3.4295e-06,1.0,1.0,1.0
2,20,0.013266,-0.0,3.3165e-06,1.0,1.0,1.0
2,21,0.012863,-0.0,3.2157499999999997e-06,1.0,1.0,1.0
2,22,0.012472,-0.0,3.118e-06,1.0,1.0,1.0
2,23,0.012066,-0.0,3.0165000000000003e-06,1.0,1.0,1.0
2,24,0.011706,-0.0,2.9265e-06,1.0,1.0,1.0
2,25,0.01135,-0.0,2.8375000000000004e-06,1.0,1.0,1.0
2,26,0.011026,-0.0,2.7564999999999998e-06,1.0,1.0,1.0
2,27,0.010703,-0.0,2.67575e-06,1.0,1.0,1.0
2,28,0.010401,-0.0,2.6002500000000002e-06,1.0,1.0,1.0
2,29,0.010094,-0.0,2.5235e-06,1.0,1.0,1.0
2,30,0.009802,-0.0,2.4505e-06,1.0,1.0,1.0
2,31,0.009529,-0.0,2.38225e-06,1.0,1.0,1.0
2,32,0.009254,-0.0,2.3135e-06,1.0,1.0,1.0
3,1,0.008999,-0.0,2.24975e-06,1.0,1.0,1.0
3,2,0.008745,-0.0,2.18625e-06,1.0,1.0,1.0
3,3,0.008511,-0.0,2.1277499999999997e-06,1.0,1.0,1.0
3,4,0.008265,-0.0,2.06625e-06,1.0,1.0,1.0
3,5,0.008044,-0.0,2.0110000000000003e-06,1.0,1.0,1.0
3,6,0.007821,-0.0,1.95525e-06,1.0,1.0,1.0
3,7,0.007596,-0.0,1.8990000000000002e-06,1.0,1.0,1.0
3,8,0.007388,-0.0,1.8469999999999998e-06,1.0,1.0,1.0
3,9,0.007181,-0.0,1.7952499999999999e-06,1.0,1.0,1.0
3,10,0.006987,-0.0,1.74675e-06,1.0,1.0,1.0
3,11,0.006787,-0.0,1.6967499999999999e-06,1.0,1.0,1.0
3,12,0.006591,-0.0,1.6477499999999998e-06,1.0,1.0,1.0
3,13,0.006406,-0.0,1.6015e-06,1.0,1.0,1.0
3,14,0.006225,-0.0,1.55625e-06,1.0,1.0,1.0
3,15,0.006048,-0.0,1.512e-06,1.0,1.0,1.0
3,16,0.005879,-0.0,1.46975e-06,1.0,1.0,1.0
3,17,0.005705,-0.0,1.42625e-06,1.0,1.0,1.0
3,18,0.005547,-0.0,1.3867499999999999e-06,1.0,1.0,1.0
3,19,0.005387,-0.0,1.34675e-06,1.0,1.0,1.0
3,20,0.005226,-0.0,1.3065e-06,1.0,1.0,1.0
3,21,0.005074,-0.0,1.2685e-06,1.0,1.0,1.0
3,22,0.004929,-0.0,1.2322500000000001e-06,1.0,1.0,1.0
3,23,0.004785,-0.0,1.19625e-06,1.0,1.0,1.0
3,24,0.00464,-0.0,1.16e-06,1.0,1.0,1.0
3,25,0.004504,-0.0,1.126e-06,1.0,1.0,1.0
3,26,0.004368,-0.0,1.092e-06,1.0,1.0,1.0
3,27,0.00424,-0.0,1.06e-06,1.0,1.0,1.0
3,28,0.004112,-0.0,1.0280000000000002e-06,1.0,1.0,1.0
3,29,0.003989,-0.0,9.9725e-07,1.0,1.0,1.0
3,30,0.003868,-0.0,9.67e-07,1.0,1.0,1.0
3,31,0.003751,-0.0,9.3775e-07,1.0,1.0,1.0
3,32,0.003636,-0.0,9.09e-07,1.0,1.0,1.0
4,1,0.003525,-0.0,8.8125e-07,1.0,1.0,1.0
4,2,0.003416,-0.0,8.54e-07,1.0,1.0,1.0
4,3,0.00331,-0.0,8.275e-07,1.0,1.0,1.0
4,4,0.00321,-0.0,8.025e-07,1.0,1.0,1.0
4,5,0.003107,-0.0,7.7675e-07,1.0,1.0,1.0
4,6,0.003011,-0.0,7.527499999999999e-07,1.0,1.0,1.0
4,7,0.002916,-0.0,7.29e-07,1.0,1.0,1.0
4,8,0.002822,-0.0,7.055e-07,1.0,1.0,1.0
4,9,0.00274,-0.0,6.85e-07,1.0,1.0,1.0
4,10,0.00265,-0.0,6.625e-07,1.0,1.0,1.0
4,11,0.002566,-0.0,6.415e-07,1.0,1.0,1.0
4,12,0.00248,-0.0,6.2e-07,1.0,1.0,1.0
4,13,0.002402,-0.0,6.005e-07,1.0,1.0,1.0
4,14,0.002323,-0.0,5.8075e-07,1.0,1.0,1.0
4,15,0.002249,-0.0,5.6225e-07,1.0,1.0,1.0
4,16,0.002176,-0.0,5.44e-07,1.0,1.0,1.0
4,17,0.002103,-0.0,5.2575e-07,1.0,1.0,1.0
4,18,0.002034,-0.0,5.085e-07,1.0,1.0,1.0
4,19,0.001968,-0.0,4.92e-07,1.0,1.0,1.0
4,20,0.001902,-0.0,4.755e-07,1.0,1.0,1.0
4,21,0.001839,-0.0,4.5974999999999997e-07,1.0,1.0,1.0
4,22,0.001778,-0.0,4.4450000000000004e-07,1.0,1.0,1.0
4,23,0.001715,-0.0,4.2874999999999997e-07,1.0,1.0,1.0
4,24,0.001658,-0.0,4.145e-07,1.0,1.0,1.0
4,25,0.001603,-0.0,4.0075e-07,1.0,1.0,1.0
4,26,0.001548,-0.0,3.8699999999999996e-07,1.0,1.0,1.0
4,27,0.001497,-0.0,3.7425e-07,1.0,1.0,1.0
4,28,0.001442,-0.0,3.605e-07,1.0,1.0,1.0
4,29,0.001394,-0.0,3.4850000000000003e-07,1.0,1.0,1.0
4,30,0.001345,-0.0,3.3625e-07,1.0,1.0,1.0
4,31,0.001296,-0.0,3.24e-07,1.0,1.0,1.0
4,32,0.001253,-0.0,3.1325e-07,1.0,1.0,1.0
5,1,0.001208,-0.0,3.0200000000000003e-07,1.0,1.0,1.0
5,2,0.001163,-0.0,2.9075e-07,1.0,1.0,1.0
5,3,0.001123,-0.0,2.8075e-07,1.0,1.0,1.0
5,4,0.001083,-0.0,2.7075e-07,1.0,1.0,1.0
5,5,0.001045,-0.0,2.6125e-07,1.0,1.0,1.0
5,6,0.001007,-0.0,2.5175e-07,1.0,1.0,1.0
5,7,0.000971,-0.0,2.4274999999999997e-07,1.0,1.0,1.0
5,8,0.000935,-0.0,2.3374999999999999e-07,1.0,1.0,1.0
5,9,0.000901,-0.0,2.2525e-07,1.0,1.0,1.0
5,10,0.000867,-0.0,2.1675e-07,1.0,1.0,1.0
5,11,0.000835,-0.0,2.0875e-07,1.0,1.0,1.0
5,12,0.000805,-0.0,2.0125e-07,1.0,1.0,1.0
5,13,0.000775,-0.0,1.9375e-07,1.0,1.0,1.0
5,14,0.000746,-0.0,1.865e-07,1.0,1.0,1.0
5,15,0.000718,-0.0,1.7949999999999999e-07,1.0,1.0,1.0
5,16,0.00069,-0.0,1.725e-07,1.0,1.0,1.0
5,17,0.000665,-0.0,1.6625e-07,1.0,1.0,1.0
5,18,0.000639,-0.0,1.5975e-07,1.0,1.0,1.0
