w_value,epoch,avg_loss,avg_loss_with_reg,avg_acc,avg_srpq,avg_reg,avg_w
0.001,1,0.019316,0.583293,0.952389,0.568942,0.563977,0.001000
0.001,2,0.016068,0.578365,0.961392,0.569898,0.562297,0.001000
0.001,3,0.014752,0.575094,0.960353,0.571014,0.560342,0.001000
0.001,4,0.014529,0.572794,0.956977,0.572201,0.558265,0.001000
0.001,5,0.014561,0.570645,0.957497,0.573451,0.556084,0.001000
0.001,6,0.014925,0.568804,0.961046,0.574716,0.553879,0.001000
0.001,7,0.015950,0.567706,0.961132,0.575938,0.551756,0.001000
0.001,8,0.015525,0.565309,0.961652,0.577074,0.549784,0.001000
0.001,9,0.015803,0.563711,0.961219,0.578158,0.547908,0.001000
0.001,10,0.016357,0.562443,0.960093,0.579212,0.546087,0.001000
0.001,11,0.016304,0.560587,0.961479,0.580258,0.544283,0.001000
0.001,12,0.015813,0.558325,0.963383,0.581286,0.542512,0.001000
0.001,13,0.015585,0.556436,0.963989,0.582253,0.540851,0.001000
0.001,14,0.015237,0.554573,0.963296,0.583135,0.539336,0.001000
0.001,15,0.014575,0.552491,0.963556,0.583964,0.537916,0.001000
0.001,16,0.013764,0.550298,0.965893,0.584772,0.536534,0.001000
0.001,17,0.013258,0.548398,0.965374,0.585587,0.535140,0.001000
0.001,18,0.013105,0.546810,0.965287,0.586429,0.533704,0.001000
0.001,19,0.012938,0.545138,0.965114,0.587312,0.532200,0.001000
0.001,20,0.012645,0.543266,0.966153,0.588240,0.530621,0.001000
0.001,21,0.012419,0.541387,0.967019,0.589212,0.528969,0.001000
0.001,22,0.012431,0.539686,0.965807,0.590223,0.527255,0.001000
0.001,23,0.012467,0.537964,0.966066,0.591261,0.525497,0.001000
0.001,24,0.012427,0.536139,0.966326,0.592318,0.523712,0.001000
0.001,25,0.012396,0.534307,0.967278,0.593386,0.521911,0.001000
0.001,26,0.012405,0.532521,0.968317,0.594452,0.520116,0.001000
0.001,27,0.012346,0.530694,0.968663,0.595504,0.518347,0.001000
0.001,28,0.012159,0.528774,0.968490,0.596537,0.516614,0.001000
0.001,29,0.011942,0.526833,0.968837,0.597565,0.514892,0.001000
0.001,30,0.011823,0.524973,0.969269,0.598607,0.513150,0.001000
0.002,1,0.014416,0.524787,0.968144,0.600273,0.510371,0.002000
0.002,2,0.013491,0.522579,0.967192,0.601044,0.509087,0.002000
0.002,3,0.012931,0.520187,0.969269,0.602146,0.507256,0.002000
0.002,4,0.012587,0.517629,0.969702,0.603480,0.505042,0.002000
0.002,5,0.012863,0.515668,0.969269,0.604832,0.502805,0.002000
0.002,6,0.012423,0.513160,0.969875,0.606084,0.500737,0.002000
0.002,7,0.011988,0.510717,0.970135,0.607302,0.498729,0.002000
0.002,8,0.011808,0.508466,0.970741,0.608561,0.496659,0.002000
0.002,9,0.011887,0.506361,0.970222,0.609891,0.494475,0.002000
0.002,10,0.011742,0.503969,0.970222,0.611264,0.492227,0.002000
0.002,11,0.011514,0.501463,0.970914,0.612658,0.489949,0.002000
0.002,12,0.011618,0.499269,0.971087,0.614067,0.487651,0.002000
0.002,13,0.011781,0.497158,0.972039,0.615465,0.485377,0.002000
0.002,14,0.011727,0.494898,0.971953,0.616824,0.483172,0.002000
0.002,15,0.011426,0.492475,0.971953,0.618134,0.481050,0.002000
0.002,16,0.011163,0.490134,0.972039,0.619420,0.478972,0.002000
0.002,17,0.011010,0.487901,0.972472,0.620710,0.476891,0.002000
0.002,18,0.010958,0.485732,0.973078,0.622026,0.474774,0.002000
0.002,19,0.010895,0.483501,0.973425,0.623376,0.472606,0.002000
0.002,20,0.010763,0.481152,0.973511,0.624759,0.470389,0.002000
0.002,21,0.010684,0.478818,0.973511,0.626170,0.468134,0.002000
0.002,22,0.010693,0.476560,0.973511,0.627591,0.465867,0.002000
0.002,23,0.010787,0.474400,0.973511,0.629007,0.463613,0.002000
0.002,24,0.010793,0.472189,0.973598,0.630403,0.461396,0.002000
0.002,25,0.010689,0.469911,0.973771,0.631775,0.459222,0.002000
0.002,26,0.010521,0.467601,0.973944,0.633130,0.457080,0.002000
0.002,27,0.010376,0.465328,0.974463,0.634479,0.454951,0.002000
0.002,28,0.010286,0.463103,0.974636,0.635835,0.452817,0.002000
0.002,29,0.010245,0.460912,0.974723,0.637203,0.450667,0.002000
0.002,30,0.010226,0.458722,0.974810,0.638587,0.448497,0.002000
0.004,1,0.014559,0.459560,0.974377,0.640824,0.445001,0.004000
0.004,2,0.013795,0.456833,0.973857,0.642082,0.443039,0.004000
0.004,3,0.013478,0.454305,0.973944,0.643504,0.440827,0.004000
0.004,4,0.013289,0.451815,0.974290,0.644986,0.438527,0.004000
0.004,5,0.013050,0.449239,0.974204,0.646495,0.436189,0.004000
0.004,6,0.012907,0.446732,0.973338,0.648026,0.433825,0.004000
0.004,7,0.012777,0.444207,0.973338,0.649580,0.431430,0.004000
0.004,8,0.012660,0.441666,0.973598,0.651156,0.429006,0.004000
0.004,9,0.012605,0.439185,0.973944,0.652738,0.426580,0.004000
0.004,10,0.012477,0.436668,0.974204,0.654299,0.424191,0.004000
0.004,11,0.012345,0.434162,0.974204,0.655854,0.421817,0.004000
0.004,12,0.012253,0.431689,0.973598,0.657418,0.419436,0.004000
0.004,13,0.012149,0.429207,0.973425,0.658983,0.417058,0.004000
0.004,14,0.012051,0.426734,0.974030,0.660550,0.414683,0.004000
0.004,15,0.011964,0.424261,0.974550,0.662127,0.412297,0.004000
0.004,16,0.011904,0.421821,0.974636,0.663705,0.409917,0.004000
0.004,17,0.011795,0.419367,0.974550,0.665264,0.407572,0.004000
0.004,18,0.011670,0.416912,0.974377,0.666815,0.405242,0.004000
0.004,19,0.011562,0.414475,0.974636,0.668371,0.402913,0.004000
0.004,20,0.011478,0.412054,0.974550,0.669934,0.400576,0.004000
0.004,21,0.011402,0.409637,0.974636,0.671504,0.398235,0.004000
0.004,22,0.011317,0.407224,0.974550,0.673069,0.395907,0.004000
0.004,23,0.011241,0.404836,0.974636,0.674627,0.393595,0.004000
0.004,24,0.011160,0.402452,0.974636,0.676183,0.391292,0.004000
0.004,25,0.011078,0.400071,0.974723,0.677739,0.388993,0.004000
0.004,26,0.010994,0.397700,0.974983,0.679291,0.386706,0.004000
0.004,27,0.010912,0.395344,0.974896,0.680838,0.384431,0.004000
0.004,28,0.010838,0.393003,0.974550,0.682383,0.382165,0.004000
0.004,29,0.010767,0.390672,0.974723,0.683926,0.379905,0.004000
0.004,30,0.010696,0.388345,0.975242,0.685471,0.377649,0.004000
0.008,1,0.017873,0.391499,0.974463,0.688235,0.373625,0.008000
0.008,2,0.017261,0.388954,0.973598,0.689566,0.371693,0.008000
0.008,3,0.016823,0.386570,0.973078,0.690910,0.369746,0.008000
0.008,4,0.016616,0.384348,0.974290,0.692303,0.367731,0.008000
0.008,5,0.016261,0.382006,0.974030,0.693680,0.365744,0.008000
0.008,6,0.015993,0.379746,0.973165,0.695063,0.363753,0.008000
0.008,7,0.015833,0.377552,0.972386,0.696478,0.361719,0.008000
0.008,8,0.015599,0.375258,0.972992,0.697915,0.359659,0.008000
0.008,9,0.015409,0.372999,0.973338,0.699360,0.357590,0.008000
0.008,10,0.015290,0.370816,0.972905,0.700805,0.355526,0.008000
0.008,11,0.015082,0.368562,0.972819,0.702240,0.353480,0.008000
0.008,12,0.014843,0.366292,0.973078,0.703668,0.351449,0.008000
0.008,13,0.014680,0.364098,0.973598,0.705098,0.349418,0.008000
0.008,14,0.014531,0.361915,0.973511,0.706534,0.347384,0.008000
0.008,15,0.014344,0.359693,0.973511,0.707973,0.345350,0.008000
0.008,16,0.014166,0.357481,0.973598,0.709415,0.343315,0.008000
0.008,17,0.014030,0.355315,0.973511,0.710856,0.341285,0.008000
0.008,18,0.013894,0.353162,0.973425,0.712292,0.339268,0.008000
0.008,19,0.013713,0.350981,0.973598,0.713718,0.337268,0.008000
0.008,20,0.013524,0.348805,0.973944,0.715137,0.335282,0.008000
0.008,21,0.013365,0.346670,0.974896,0.716552,0.333305,0.008000
0.008,22,0.013228,0.344557,0.974290,0.717969,0.331329,0.008000
0.008,23,0.013085,0.342436,0.974636,0.719391,0.329351,0.008000
0.008,24,0.012946,0.340318,0.974896,0.720816,0.327372,0.008000
0.008,25,0.012816,0.338213,0.974377,0.722241,0.325397,0.008000
0.008,26,0.012708,0.336138,0.974117,0.723663,0.323430,0.008000
0.008,27,0.012594,0.334071,0.974290,0.725077,0.321477,0.008000
0.008,28,0.012456,0.331996,0.974377,0.726483,0.319540,0.008000
0.008,29,0.012310,0.329927,0.974810,0.727882,0.317617,0.008000
0.008,30,0.012179,0.327880,0.975329,0.729278,0.315701,0.008000
0.016,1,0.023141,0.334074,0.972905,0.732763,0.310933,0.016000
0.016,2,0.022378,0.331448,0.972299,0.734129,0.309070,0.016000
0.016,3,0.021749,0.329011,0.971260,0.735458,0.307263,0.016000
0.016,4,0.021297,0.326681,0.970568,0.736840,0.305384,0.016000
0.016,5,0.020844,0.324341,0.970222,0.738232,0.303498,0.016000
0.016,6,0.020423,0.322029,0.969702,0.739630,0.301606,0.016000
0.016,7,0.020033,0.319736,0.969356,0.741038,0.299703,0.016000
0.016,8,0.019642,0.317448,0.969356,0.742446,0.297806,0.016000
0.016,9,0.019287,0.315198,0.970222,0.743854,0.295911,0.016000
0.016,10,0.018951,0.312968,0.970481,0.745264,0.294017,0.016000
0.016,11,0.018592,0.310723,0.970741,0.746670,0.292132,0.016000
0.016,12,0.018261,0.308522,0.970222,0.748068,0.290262,0.016000
0.016,13,0.017940,0.306340,0.970568,0.749462,0.288400,0.016000
0.016,14,0.017621,0.304164,0.970308,0.750855,0.286543,0.016000
0.016,15,0.017329,0.302014,0.970741,0.752251,0.284685,0.016000
0.016,16,0.017050,0.299882,0.971347,0.753647,0.282831,0.016000
0.016,17,0.016783,0.297775,0.971347,0.755035,0.280991,0.016000
0.016,18,0.016502,0.295670,0.971607,0.756412,0.279169,0.016000
0.016,19,0.016217,0.293580,0.971693,0.757779,0.277363,0.016000
0.016,20,0.015959,0.291525,0.971866,0.759143,0.275566,0.016000
0.016,21,0.015713,0.289482,0.972039,0.760508,0.273769,0.016000
0.016,22,0.015475,0.287451,0.972299,0.761873,0.271976,0.016000
0.016,23,0.015253,0.285443,0.972213,0.763235,0.270189,0.016000
0.016,24,0.015042,0.283455,0.972213,0.764592,0.268414,0.016000
0.016,25,0.014830,0.281483,0.972299,0.765939,0.266653,0.016000
0.016,26,0.014610,0.279519,0.972472,0.767276,0.264909,0.016000
0.016,27,0.014399,0.277572,0.972645,0.768609,0.263173,0.016000
0.016,28,0.014197,0.275644,0.972905,0.769937,0.261447,0.016000
0.016,29,0.014006,0.273731,0.973078,0.771263,0.259725,0.016000
0.016,30,0.013819,0.271830,0.972992,0.772587,0.258011,0.016000
0.032,1,0.027132,0.278946,0.968923,0.777389,0.251814,0.032000
0.032,2,0.026286,0.276515,0.966413,0.778623,0.250229,0.032000
0.032,3,0.025540,0.274214,0.966846,0.779834,0.248675,0.032000
0.032,4,0.024910,0.271987,0.965461,0.781080,0.247077,0.032000
0.032,5,0.024328,0.269788,0.965287,0.782345,0.245460,0.032000
0.032,6,0.023763,0.267621,0.965028,0.783599,0.243858,0.032000
0.032,7,0.023181,0.265453,0.964855,0.784843,0.242272,0.032000
0.032,8,0.022638,0.263327,0.965461,0.786086,0.240689,0.032000
0.032,9,0.022112,0.261216,0.965893,0.787333,0.239104,0.032000
0.032,10,0.021608,0.259129,0.965980,0.788580,0.237521,0.032000
0.032,11,0.021124,0.257066,0.966413,0.789826,0.235942,0.032000
0.032,12,0.020664,0.255036,0.966846,0.791068,0.234372,0.032000
0.032,13,0.020206,0.253015,0.967019,0.792305,0.232809,0.032000
0.032,14,0.019761,0.251018,0.967192,0.793536,0.231257,0.032000
0.032,15,0.019330,0.249039,0.967538,0.794764,0.229710,0.032000
0.032,16,0.018925,0.247091,0.967625,0.795992,0.228167,0.032000
0.032,17,0.018535,0.245164,0.968057,0.797217,0.226628,0.032000
0.032,18,0.018170,0.243267,0.968144,0.798439,0.225097,0.032000
0.032,19,0.017811,0.241386,0.968577,0.799655,0.223575,0.032000
0.032,20,0.017469,0.239534,0.968663,0.800863,0.222065,0.032000
0.032,21,0.017130,0.237699,0.969010,0.802063,0.220569,0.032000
0.032,22,0.016807,0.235889,0.969183,0.803256,0.219082,0.032000
0.032,23,0.016494,0.234099,0.969096,0.804444,0.217605,0.032000
0.032,24,0.016199,0.232334,0.968923,0.805627,0.216135,0.032000
0.032,25,0.015911,0.230584,0.969443,0.806805,0.214673,0.032000
0.032,26,0.015636,0.228857,0.969529,0.807978,0.213221,0.032000
0.032,27,0.015371,0.227149,0.970048,0.809144,0.211778,0.032000
0.032,28,0.015112,0.225458,0.970395,0.810304,0.210346,0.032000
0.032,29,0.014862,0.223786,0.971001,0.811457,0.208924,0.032000
0.032,30,0.014616,0.222128,0.971174,0.812603,0.207512,0.032000
0.064,1,0.027864,0.226753,0.964249,0.819641,0.198889,0.064000
0.064,2,0.026878,0.224597,0.963210,0.820601,0.197719,0.064000
0.064,3,0.026141,0.222673,0.962777,0.821575,0.196532,0.064000
0.064,4,0.025426,0.220743,0.961305,0.822574,0.195316,0.064000
0.064,5,0.024811,0.218893,0.961219,0.823590,0.194082,0.064000
0.064,6,0.024193,0.217043,0.961479,0.824605,0.192850,0.064000
0.064,7,0.023583,0.215205,0.962171,0.825619,0.191622,0.064000
0.064,8,0.023015,0.213403,0.962344,0.826638,0.190388,0.064000
0.064,9,0.022464,0.211612,0.962604,0.827663,0.189149,0.064000
0.064,10,0.021947,0.209854,0.962777,0.828692,0.187907,0.064000
0.064,11,0.021462,0.208126,0.963296,0.829723,0.186664,0.064000
0.064,12,0.020991,0.206415,0.963816,0.830752,0.185424,0.064000
0.064,13,0.020523,0.204715,0.964508,0.831777,0.184191,0.064000
0.064,14,0.020074,0.203038,0.964855,0.832798,0.182964,0.064000
0.064,15,0.019647,0.201388,0.965028,0.833817,0.181741,0.064000
0.064,16,0.019233,0.199757,0.965287,0.834833,0.180523,0.064000
0.064,17,0.018834,0.198143,0.966066,0.835847,0.179309,0.064000
0.064,18,0.018451,0.196550,0.966499,0.836859,0.178100,0.064000
0.064,19,0.018092,0.194987,0.966586,0.837867,0.176896,0.064000
0.064,20,0.017749,0.193449,0.966586,0.838870,0.175700,0.064000
0.064,21,0.017419,0.191932,0.966846,0.839866,0.174513,0.064000
0.064,22,0.017088,0.190422,0.967625,0.840857,0.173334,0.064000
0.064,23,0.016779,0.188944,0.968317,0.841840,0.172165,0.064000
0.064,24,0.016473,0.187479,0.968663,0.842816,0.171006,0.064000
0.064,25,0.016185,0.186038,0.969010,0.843788,0.169854,0.064000
0.064,26,0.015905,0.184612,0.969269,0.844756,0.168707,0.064000
0.064,27,0.015635,0.183204,0.969443,0.845718,0.167569,0.064000
0.064,28,0.015378,0.181815,0.969875,0.846676,0.166437,0.064000
0.064,29,0.015132,0.180446,0.969962,0.847627,0.165315,0.064000
0.064,30,0.014889,0.179090,0.970395,0.848572,0.164201,0.064000
0.128,1,0.027818,0.179118,0.959314,0.859590,0.151300,0.128000
0.128,2,0.026863,0.177334,0.961132,0.860303,0.150471,0.128000
0.128,3,0.026071,0.175752,0.960959,0.860983,0.149681,0.128000
0.128,4,0.025447,0.174306,0.960353,0.861690,0.148859,0.128000
0.128,5,0.024789,0.172800,0.960007,0.862422,0.148011,0.128000
0.128,6,0.024190,0.171333,0.959141,0.863170,0.147144,0.128000
0.128,7,0.023642,0.169911,0.960007,0.863925,0.146269,0.128000
0.128,8,0.023075,0.168476,0.959834,0.864675,0.145401,0.128000
0.128,9,0.022506,0.167045,0.960526,0.865421,0.144539,0.128000
0.128,10,0.021980,0.165656,0.960786,0.866169,0.143676,0.128000
0.128,11,0.021497,0.164303,0.961998,0.866922,0.142806,0.128000
0.128,12,0.021032,0.162962,0.962517,0.867682,0.141931,0.128000
0.128,13,0.020579,0.161630,0.962604,0.868445,0.141051,0.128000
0.128,14,0.020144,0.160314,0.962864,0.869211,0.140170,0.128000
0.128,15,0.019730,0.159019,0.963383,0.869977,0.139288,0.128000
0.128,16,0.019339,0.157749,0.963816,0.870742,0.138410,0.128000
0.128,17,0.018954,0.156491,0.963989,0.871503,0.137536,0.128000
0.128,18,0.018574,0.155244,0.964335,0.872258,0.136670,0.128000
0.128,19,0.018212,0.154020,0.964508,0.873010,0.135809,0.128000
0.128,20,0.017864,0.152815,0.965028,0.873758,0.134951,0.128000
0.128,21,0.017531,0.151628,0.965720,0.874505,0.134098,0.128000
0.128,22,0.017216,0.150463,0.965893,0.875249,0.133247,0.128000
0.128,23,0.016907,0.149306,0.966066,0.875992,0.132399,0.128000
0.128,24,0.016613,0.148167,0.966499,0.876732,0.131554,0.128000
0.128,25,0.016337,0.147050,0.966499,0.877469,0.130714,0.128000
0.128,26,0.016067,0.145945,0.966586,0.878203,0.129878,0.128000
0.128,27,0.015809,0.144856,0.966586,0.878933,0.129047,0.128000
0.128,28,0.015555,0.143777,0.966846,0.879658,0.128223,0.128000
0.128,29,0.015307,0.142712,0.967105,0.880377,0.127405,0.128000
0.128,30,0.015069,0.141663,0.967365,0.881092,0.126594,0.128000
0.256,1,0.028374,0.134680,0.956631,0.899149,0.106306,0.256000
0.256,2,0.027123,0.132882,0.959834,0.899641,0.105759,0.256000
0.256,3,0.026647,0.131857,0.958276,0.900136,0.105210,0.256000
0.256,4,0.025853,0.130572,0.958622,0.900578,0.104719,0.256000
0.256,5,0.025105,0.129360,0.959747,0.900996,0.104255,0.256000
0.256,6,0.024573,0.128360,0.960267,0.901417,0.103787,0.256000
0.256,7,0.024042,0.127345,0.961305,0.901854,0.103302,0.256000
0.256,8,0.023463,0.126265,0.961132,0.902306,0.102801,0.256000
0.256,9,0.022875,0.125164,0.961219,0.902769,0.102289,0.256000
0.256,10,0.022353,0.124121,0.960440,0.903239,0.101768,0.256000
0.256,11,0.021882,0.123125,0.960267,0.903714,0.101243,0.256000
0.256,12,0.021449,0.122166,0.959920,0.904189,0.100717,0.256000
0.256,13,0.021025,0.121218,0.960526,0.904663,0.100193,0.256000
0.256,14,0.020589,0.120262,0.960613,0.905133,0.099673,0.256000
0.256,15,0.020149,0.119305,0.961738,0.905601,0.099157,0.256000
0.256,16,0.019719,0.118362,0.963037,0.906066,0.098643,0.256000
0.256,17,0.019311,0.117442,0.963556,0.906531,0.098131,0.256000
0.256,18,0.018933,0.116550,0.963816,0.906996,0.097617,0.256000
0.256,19,0.018578,0.115680,0.963989,0.907463,0.097102,0.256000
0.256,20,0.018236,0.114821,0.964422,0.907932,0.096586,0.256000
0.256,21,0.017902,0.113969,0.964422,0.908403,0.096067,0.256000
0.256,22,0.017579,0.113126,0.964595,0.908875,0.095548,0.256000
0.256,23,0.017262,0.112290,0.964941,0.909348,0.095028,0.256000
0.256,24,0.016965,0.111474,0.965287,0.909820,0.094509,0.256000
0.256,25,0.016692,0.110683,0.965287,0.910292,0.093990,0.256000
0.256,26,0.016429,0.109903,0.965374,0.910762,0.093474,0.256000
0.256,27,0.016175,0.109136,0.965547,0.911229,0.092961,0.256000
0.256,28,0.015932,0.108383,0.965807,0.911693,0.092452,0.256000
0.256,29,0.015684,0.107630,0.966153,0.912154,0.091946,0.256000
0.256,30,0.015441,0.106885,0.966240,0.912612,0.091444,0.256000
0.512,15,0.022488,0.078401,0.960180,0.945621,0.055913,0.512000
0.512,16,0.022079,0.077815,0.960440,0.945788,0.055736,0.512000
0.512,17,0.021644,0.077199,0.960959,0.945961,0.055554,0.512000
0.512,18,0.021189,0.076556,0.961479,0.946138,0.055367,0.512000
0.512,19,0.020725,0.075901,0.961305,0.946318,0.055176,0.512000
0.512,20,0.020262,0.075246,0.961565,0.946501,0.054984,0.512000
0.512,21,0.019828,0.074617,0.961998,0.946685,0.054789,0.512000
0.512,22,0.019408,0.074002,0.962431,0.946869,0.054594,0.512000
0.512,23,0.019037,0.073437,0.963037,0.947053,0.054400,0.512000
0.512,24,0.018694,0.072900,0.962777,0.947237,0.054206,0.512000
0.512,25,0.018393,0.072407,0.963123,0.947419,0.054014,0.512000
0.512,26,0.018113,0.071937,0.962864,0.947599,0.053824,0.512000
0.512,27,0.017852,0.071488,0.962777,0.947777,0.053636,0.512000
0.512,28,0.017599,0.071050,0.962517,0.947953,0.053451,0.512000
0.512,29,0.017345,0.070613,0.962777,0.948126,0.053268,0.512000
0.512,30,0.017089,0.070176,0.962950,0.948297,0.053088,0.512000
0.6,1,0.019707,0.062776,0.965114,0.957846,0.043069,0.600000
0.6,2,0.018985,0.061868,0.964768,0.958024,0.042883,0.600000
0.6,3,0.018601,0.061291,0.963902,0.958209,0.042690,0.600000
0.6,4,0.018169,0.060671,0.964162,0.958389,0.042501,0.600000
0.6,5,0.017768,0.060086,0.965634,0.958565,0.042318,0.600000
0.6,6,0.017422,0.059556,0.965634,0.958741,0.042134,0.600000
0.6,7,0.017089,0.059033,0.966326,0.958923,0.041944,0.600000
0.6,8,0.016751,0.058500,0.966413,0.959110,0.041749,0.600000
0.6,9,0.016407,0.057956,0.967192,0.959302,0.041549,0.600000
0.6,10,0.016077,0.057424,0.967192,0.959496,0.041347,0.600000
0.6,11,0.015770,0.056911,0.967711,0.959693,0.041142,0.600000
0.6,12,0.015483,0.056419,0.967971,0.959891,0.040936,0.600000
0.6,13,0.015221,0.055951,0.967971,0.960088,0.040730,0.600000
0.6,14,0.014967,0.055493,0.967971,0.960284,0.040526,0.600000
0.6,15,0.014720,0.055043,0.968490,0.960479,0.040323,0.600000
0.6,16,0.014477,0.054599,0.969183,0.960673,0.040122,0.600000
0.6,17,0.014247,0.054168,0.969875,0.960865,0.039921,0.600000
0.6,18,0.014032,0.053753,0.969875,0.961058,0.039721,0.600000
0.6,19,0.013827,0.053347,0.970395,0.961251,0.039520,0.600000
0.6,20,0.013636,0.052954,0.971174,0.961445,0.039318,0.600000
0.6,21,0.013449,0.052565,0.971174,0.961639,0.039116,0.600000
0.6,22,0.013271,0.052184,0.971434,0.961834,0.038913,0.600000
0.6,23,0.013095,0.051806,0.971520,0.962029,0.038710,0.600000
0.6,24,0.012927,0.051434,0.971693,0.962225,0.038507,0.600000
0.6,25,0.012768,0.051072,0.971693,0.962421,0.038304,0.600000
0.6,26,0.012617,0.050718,0.971520,0.962616,0.038100,0.600000
0.6,27,0.012477,0.050374,0.971780,0.962811,0.037898,0.600000
0.6,28,0.012341,0.050037,0.971866,0.963006,0.037696,0.600000
0.6,29,0.012211,0.049705,0.971953,0.963200,0.037494,0.600000
0.6,30,0.012088,0.049382,0.972213,0.963393,0.037294,0.600000
0.7,1,0.014611,0.042226,0.967884,0.972763,0.027615,0.700000
0.7,2,0.013820,0.041327,0.971347,0.972868,0.027507,0.700000
0.7,3,0.013688,0.041085,0.971520,0.972975,0.027396,0.700000
0.7,4,0.013652,0.040942,0.971607,0.973079,0.027290,0.700000
0.7,5,0.013465,0.040657,0.972039,0.973175,0.027191,0.700000
0.7,6,0.013226,0.040327,0.972039,0.973263,0.027101,0.700000
0.7,7,0.012984,0.039997,0.972472,0.973349,0.027013,0.700000
0.7,8,0.012803,0.039726,0.971866,0.973436,0.026923,0.700000
0.7,9,0.012668,0.039499,0.972039,0.973525,0.026831,0.700000
0.7,10,0.012566,0.039301,0.972559,0.973619,0.026735,0.700000
0.7,11,0.012470,0.039105,0.972126,0.973717,0.026635,0.700000
0.7,12,0.012361,0.038892,0.971866,0.973818,0.026531,0.700000
0.7,13,0.012239,0.038662,0.972299,0.973923,0.026423,0.700000
0.7,14,0.012105,0.038419,0.972645,0.974030,0.026313,0.700000
0.7,15,0.011970,0.038172,0.973078,0.974138,0.026202,0.700000
0.7,16,0.011849,0.037938,0.973251,0.974248,0.026089,0.700000
0.7,17,0.011737,0.037712,0.973511,0.974359,0.025976,0.700000
0.7,18,0.011636,0.037498,0.973771,0.974469,0.025862,0.700000
0.7,19,0.011542,0.037291,0.973771,0.974579,0.025750,0.700000
0.7,20,0.011450,0.037088,0.974290,0.974688,0.025638,0.700000
0.7,21,0.011359,0.036887,0.974290,0.974795,0.025528,0.700000
0.7,22,0.011263,0.036682,0.974463,0.974902,0.025419,0.700000
0.7,23,0.011170,0.036481,0.974723,0.975007,0.025311,0.700000
0.7,24,0.011078,0.036282,0.974810,0.975111,0.025204,0.700000
0.7,25,0.010988,0.036085,0.974810,0.975215,0.025097,0.700000
0.7,26,0.010904,0.035894,0.974636,0.975320,0.024990,0.700000
0.7,27,0.010822,0.035705,0.974636,0.975424,0.024883,0.700000
0.7,28,0.010744,0.035520,0.974550,0.975529,0.024775,0.700000
0.7,29,0.010668,0.035335,0.974636,0.975634,0.024667,0.700000
0.7,30,0.010595,0.035153,0.974810,0.975741,0.024559,0.700000
0.8,1,0.013786,0.029972,0.968750,0.983944,0.016186,0.800000
0.8,2,0.012719,0.028850,0.973598,0.983999,0.016131,0.800000
0.8,3,0.012450,0.028524,0.973251,0.984054,0.016075,0.800000
0.8,4,0.012464,0.028487,0.972992,0.984105,0.016023,0.800000
0.8,5,0.012438,0.028414,0.973165,0.984151,0.015976,0.800000
0.8,6,0.012286,0.028222,0.973165,0.984191,0.015935,0.800000
0.8,7,0.012083,0.027982,0.973425,0.984227,0.015899,0.800000
0.8,8,0.011888,0.027754,0.974636,0.984260,0.015866,0.800000
0.8,9,0.011749,0.027582,0.974896,0.984292,0.015833,0.800000
0.8,10,0.011652,0.027452,0.974377,0.984325,0.015800,0.800000
0.8,11,0.011588,0.027353,0.974377,0.984359,0.015765,0.800000
0.8,12,0.011528,0.027255,0.974810,0.984396,0.015727,0.800000
0.8,13,0.011466,0.027153,0.974983,0.984435,0.015687,0.800000
0.8,14,0.011396,0.027041,0.974983,0.984477,0.015645,0.800000
0.8,15,0.011321,0.026921,0.975416,0.984521,0.015600,0.800000
0.8,16,0.011239,0.026793,0.975502,0.984566,0.015554,0.800000
0.8,17,0.011161,0.026667,0.975848,0.984614,0.015506,0.800000
0.8,18,0.011082,0.026538,0.975848,0.984662,0.015457,0.800000
0.8,19,0.011002,0.026409,0.975675,0.984711,0.015407,0.800000
0.8,20,0.010930,0.026286,0.975502,0.984761,0.015357,0.800000
0.8,21,0.010856,0.026163,0.975675,0.984810,0.015306,0.800000
0.8,22,0.010780,0.026037,0.975762,0.984859,0.015257,0.800000
0.8,23,0.010706,0.025914,0.975589,0.984907,0.015208,0.800000
0.8,24,0.010633,0.025792,0.976108,0.984955,0.015159,0.800000
0.8,25,0.010559,0.025670,0.976281,0.985002,0.015111,0.800000
0.8,26,0.010490,0.025554,0.976454,0.985049,0.015064,0.800000
0.8,27,0.010424,0.025442,0.976021,0.985095,0.015017,0.800000
0.8,28,0.010368,0.025339,0.976195,0.985141,0.014971,0.800000
0.8,29,0.010316,0.025240,0.976454,0.985187,0.014924,0.800000
0.8,30,0.010273,0.025150,0.976627,0.985233,0.014877,0.800000
0.9,1,0.015610,0.022987,0.961998,0.992650,0.007377,0.900000
0.9,2,0.014052,0.021405,0.967452,0.992674,0.007353,0.900000
0.9,3,0.013378,0.020708,0.971520,0.992697,0.007330,0.900000
0.9,4,0.013296,0.020605,0.973598,0.992718,0.007309,0.900000
0.9,5,0.013374,0.020665,0.974117,0.992735,0.007291,0.900000
0.9,6,0.013375,0.020652,0.973944,0.992749,0.007277,0.900000
0.9,7,0.013241,0.020509,0.974636,0.992759,0.007268,0.900000
0.9,8,0.013014,0.020274,0.974983,0.992765,0.007261,0.900000
0.9,9,0.012775,0.020031,0.975416,0.992770,0.007256,0.900000
0.9,10,0.012585,0.019837,0.975156,0.992774,0.007252,0.900000
0.9,11,0.012441,0.019690,0.974550,0.992778,0.007249,0.900000
0.9,12,0.012366,0.019611,0.974030,0.992782,0.007244,0.900000
0.9,13,0.012338,0.019578,0.974290,0.992787,0.007240,0.900000
0.9,14,0.012316,0.019550,0.974290,0.992793,0.007233,0.900000
0.9,15,0.012292,0.019518,0.974290,0.992800,0.007226,0.900000
0.9,16,0.012244,0.019461,0.974290,0.992808,0.007218,0.900000
0.9,17,0.012186,0.019394,0.974290,0.992818,0.007208,0.900000
0.9,18,0.012117,0.019313,0.974290,0.992829,0.007197,0.900000
0.9,19,0.012049,0.019234,0.974117,0.992841,0.007185,0.900000
0.9,20,0.011985,0.019158,0.974117,0.992853,0.007172,0.900000
0.9,21,0.011930,0.019090,0.974117,0.992866,0.007160,0.900000
0.9,22,0.011875,0.019022,0.974723,0.992879,0.007147,0.900000
0.9,23,0.011822,0.018955,0.975675,0.992892,0.007134,0.900000
0.9,24,0.011771,0.018892,0.975762,0.992904,0.007121,0.900000
0.9,25,0.011709,0.018818,0.975848,0.992917,0.007108,0.900000
0.9,26,0.011641,0.018738,0.976021,0.992929,0.007096,0.900000
0.9,27,0.011569,0.018654,0.976195,0.992940,0.007085,0.900000
0.91,1,0.011765,0.018132,0.974636,0.993654,0.006367,0.910000
0.91,2,0.011707,0.018069,0.974810,0.993658,0.006362,0.910000
0.91,3,0.011662,0.018019,0.975069,0.993663,0.006357,0.910000
0.91,4,0.011626,0.017978,0.975069,0.993667,0.006353,0.910000
0.91,5,0.011596,0.017944,0.975069,0.993671,0.006349,0.910000
0.91,6,0.011572,0.017917,0.975156,0.993675,0.006345,0.910000
0.91,7,0.011553,0.017894,0.975069,0.993679,0.006341,0.910000
0.91,8,0.011535,0.017872,0.975416,0.993684,0.006336,0.910000
0.91,9,0.011519,0.017851,0.975502,0.993688,0.006332,0.910000
0.91,10,0.011503,0.017831,0.975675,0.993692,0.006328,0.910000
0.91,11,0.011486,0.017810,0.975589,0.993696,0.006324,0.910000
0.91,12,0.011470,0.017789,0.975589,0.993700,0.006320,0.910000
0.91,13,0.011453,0.017769,0.975589,0.993704,0.006316,0.910000
0.91,14,0.011437,0.017748,0.975589,0.993708,0.006311,0.910000
0.91,15,0.011421,0.017729,0.975589,0.993713,0.006307,0.910000
0.91,16,0.011405,0.017708,0.975675,0.993716,0.006303,0.910000
0.91,17,0.011390,0.017689,0.975762,0.993720,0.006299,0.910000
0.91,18,0.011375,0.017670,0.975762,0.993724,0.006296,0.910000
0.91,19,0.011360,0.017652,0.975675,0.993728,0.006292,0.910000
0.91,20,0.011346,0.017634,0.975675,0.993732,0.006288,0.910000
0.91,21,0.011332,0.017616,0.975589,0.993736,0.006284,0.910000
0.91,22,0.011319,0.017599,0.975502,0.993739,0.006280,0.910000
0.91,23,0.011306,0.017582,0.975502,0.993743,0.006276,0.910000
0.91,24,0.011293,0.017566,0.975502,0.993747,0.006272,0.910000
0.91,25,0.011280,0.017549,0.975589,0.993751,0.006268,0.910000
0.91,26,0.011268,0.017532,0.975589,0.993755,0.006264,0.910000
0.91,27,0.011255,0.017516,0.975675,0.993759,0.006260,0.910000
0.91,28,0.011243,0.017499,0.975675,0.993763,0.006256,0.910000
0.91,29,0.011230,0.017482,0.975675,0.993767,0.006252,0.910000
0.91,30,0.011217,0.017465,0.975762,0.993771,0.006248,0.910000
0.91,31,0.011204,0.017448,0.975762,0.993776,0.006244,0.910000
0.91,32,0.011191,0.017431,0.975848,0.993780,0.006240,0.910000
0.91,1,0.011767,0.018134,0.974550,0.993653,0.006367,0.910000
0.91,2,0.011711,0.018074,0.974636,0.993658,0.006363,0.910000
0.91,3,0.011665,0.018023,0.974983,0.993662,0.006358,0.910000
0.91,4,0.011629,0.017983,0.974983,0.993666,0.006354,0.910000
0.91,5,0.011600,0.017950,0.975069,0.993670,0.006350,0.910000
0.91,6,0.011577,0.017923,0.974983,0.993674,0.006346,0.910000
0.91,7,0.011556,0.017898,0.975156,0.993678,0.006342,0.910000
0.91,8,0.011539,0.017877,0.975416,0.993682,0.006338,0.910000
0.91,9,0.011523,0.017856,0.975416,0.993686,0.006334,0.910000
0.91,10,0.011506,0.017836,0.975675,0.993690,0.006330,0.910000
0.91,11,0.011490,0.017816,0.975589,0.993694,0.006326,0.910000
0.91,12,0.011473,0.017795,0.975589,0.993698,0.006322,0.910000
0.91,13,0.011457,0.017775,0.975762,0.993702,0.006318,0.910000
0.91,14,0.011440,0.017754,0.975762,0.993706,0.006314,0.910000
0.91,15,0.011423,0.017733,0.975762,0.993710,0.006310,0.910000
0.91,16,0.011407,0.017713,0.975762,0.993714,0.006306,0.910000
0.91,17,0.011391,0.017693,0.975762,0.993718,0.006302,0.910000
0.91,18,0.011376,0.017674,0.975675,0.993722,0.006298,0.910000
0.91,19,0.011361,0.017655,0.975675,0.993726,0.006294,0.910000
0.91,20,0.011347,0.017637,0.975675,0.993730,0.006290,0.910000
0.91,21,0.011334,0.017620,0.975502,0.993733,0.006286,0.910000
0.91,22,0.011321,0.017603,0.975502,0.993737,0.006282,0.910000
0.91,23,0.011308,0.017586,0.975589,0.993741,0.006278,0.910000
0.91,24,0.011296,0.017570,0.975502,0.993745,0.006274,0.910000
0.91,25,0.011284,0.017554,0.975502,0.993749,0.006270,0.910000
0.91,26,0.011271,0.017537,0.975589,0.993754,0.006266,0.910000
0.91,27,0.011259,0.017521,0.975589,0.993758,0.006262,0.910000
0.91,28,0.011246,0.017504,0.975675,0.993762,0.006258,0.910000
0.91,29,0.011233,0.017487,0.975675,0.993766,0.006254,0.910000
0.91,30,0.011220,0.017470,0.975762,0.993770,0.006250,0.910000
0.91,31,0.011207,0.017453,0.975848,0.993774,0.006245,0.910000
0.91,32,0.011194,0.017436,0.975848,0.993778,0.006241,0.910000
0.91,33,0.011181,0.017418,0.975848,0.993782,0.006237,0.910000
0.91,34,0.011168,0.017401,0.975848,0.993787,0.006233,0.910000
0.91,35,0.011155,0.017384,0.975762,0.993791,0.006229,0.910000
0.91,36,0.011143,0.017367,0.975848,0.993795,0.006224,0.910000
0.91,37,0.011130,0.017350,0.975935,0.993799,0.006220,0.910000
0.91,38,0.011117,0.017333,0.976021,0.993803,0.006216,0.910000
0.91,39,0.011106,0.017317,0.975935,0.993808,0.006212,0.910000
0.91,40,0.011093,0.017301,0.975935,0.993812,0.006207,0.910000
0.91,41,0.011081,0.017285,0.975935,0.993816,0.006203,0.910000
0.91,42,0.011069,0.017268,0.975935,0.993820,0.006199,0.910000
0.91,43,0.011058,0.017253,0.975935,0.993824,0.006195,0.910000
0.91,44,0.011046,0.017237,0.976108,0.993829,0.006191,0.910000
0.91,45,0.011035,0.017221,0.976108,0.993833,0.006186,0.910000
0.91,46,0.011024,0.017206,0.976108,0.993837,0.006182,0.910000
0.91,47,0.011012,0.017190,0.976195,0.993841,0.006178,0.910000
0.91,48,0.011000,0.017174,0.976281,0.993845,0.006174,0.910000
0.91,49,0.010989,0.017158,0.976281,0.993849,0.006170,0.910000
0.91,50,0.010977,0.017143,0.976454,0.993853,0.006166,0.910000
0.91,51,0.010966,0.017127,0.976454,0.993858,0.006161,0.910000
0.91,52,0.010954,0.017112,0.976454,0.993862,0.006157,0.910000
0.91,53,0.010943,0.017096,0.976454,0.993866,0.006153,0.910000
0.91,54,0.010932,0.017081,0.976454,0.993870,0.006149,0.910000
0.91,55,0.010920,0.017065,0.976368,0.993874,0.006145,0.910000
0.91,56,0.010909,0.017050,0.976368,0.993878,0.006141,0.910000
0.91,57,0.010898,0.017035,0.976368,0.993882,0.006137,0.910000
0.91,58,0.010887,0.017020,0.976368,0.993886,0.006133,0.910000
0.91,59,0.010876,0.017005,0.976541,0.993890,0.006129,0.910000
0.91,60,0.010865,0.016990,0.976541,0.993894,0.006125,0.910000
0.91,61,0.010855,0.016975,0.976541,0.993898,0.006121,0.910000
0.91,62,0.010844,0.016961,0.976627,0.993902,0.006117,0.910000
0.91,63,0.010833,0.016946,0.976714,0.993906,0.006113,0.910000
0.91,64,0.010823,0.016932,0.976887,0.993910,0.006109,0.910000
0.91,65,0.010813,0.016918,0.976974,0.993914,0.006105,0.910000
0.91,66,0.010803,0.016903,0.977060,0.993918,0.006100,0.910000
0.91,67,0.010793,0.016889,0.977060,0.993922,0.006096,0.910000
0.91,68,0.010783,0.016875,0.977147,0.993926,0.006092,0.910000
0.91,69,0.010773,0.016861,0.977147,0.993930,0.006088,0.910000
0.91,70,0.010763,0.016847,0.977147,0.993934,0.006084,0.910000
0.91,71,0.010753,0.016833,0.977147,0.993939,0.006080,0.910000
0.91,72,0.010744,0.016819,0.977233,0.993943,0.006076,0.910000
0.91,73,0.010734,0.016805,0.977233,0.993947,0.006072,0.910000
0.91,74,0.010724,0.016792,0.977233,0.993951,0.006067,0.910000
0.91,75,0.010714,0.016778,0.977233,0.993955,0.006063,0.910000
0.91,76,0.010705,0.016764,0.977233,0.993959,0.006059,0.910000
0.91,77,0.010696,0.016751,0.977233,0.993963,0.006055,0.910000
0.91,78,0.010686,0.016737,0.977233,0.993967,0.006051,0.910000
0.91,79,0.010677,0.016723,0.977233,0.993972,0.006047,0.910000
0.91,80,0.010667,0.016710,0.977233,0.993976,0.006042,0.910000
0.91,81,0.010658,0.016696,0.977233,0.993980,0.006038,0.910000
0.91,82,0.010649,0.016683,0.977320,0.993984,0.006034,0.910000
0.91,83,0.010640,0.016670,0.977320,0.993988,0.006030,0.910000
0.91,84,0.010631,0.016656,0.977320,0.993992,0.006026,0.910000
0.91,85,0.010622,0.016643,0.977407,0.993997,0.006022,0.910000
0.91,86,0.010613,0.016630,0.977407,0.994001,0.006017,0.910000
0.91,87,0.010604,0.016617,0.977407,0.994005,0.006013,0.910000
0.91,88,0.010595,0.016604,0.977407,0.994009,0.006009,0.910000
0.91,89,0.010586,0.016591,0.977407,0.994013,0.006005,0.910000
0.91,90,0.010578,0.016578,0.977407,0.994017,0.006001,0.910000
0.91,91,0.010569,0.016565,0.977407,0.994021,0.005997,0.910000
0.91,92,0.010560,0.016553,0.977493,0.994026,0.005992,0.910000
0.91,93,0.010552,0.016540,0.977493,0.994030,0.005988,0.910000
0.91,94,0.010543,0.016527,0.977493,0.994034,0.005984,0.910000
0.91,95,0.010534,0.016515,0.977493,0.994038,0.005980,0.910000
0.91,96,0.010526,0.016502,0.977580,0.994042,0.005976,0.910000
0.91,97,0.010517,0.016489,0.977666,0.994046,0.005972,0.910000
0.91,98,0.010509,0.016476,0.977753,0.994050,0.005968,0.910000
0.91,99,0.010500,0.016464,0.977753,0.994054,0.005964,0.910000
0.91,100,0.010492,0.016452,0.977753,0.994058,0.005960,0.910000
0.92,1,0.010814,0.016107,0.976887,0.994721,0.005293,0.920000
0.92,2,0.010781,0.016068,0.977060,0.994727,0.005287,0.920000
0.92,3,0.010773,0.016055,0.977493,0.994732,0.005282,0.920000
0.92,4,0.010767,0.016045,0.977839,0.994736,0.005278,0.920000
0.92,5,0.010761,0.016035,0.978012,0.994740,0.005274,0.920000
0.92,6,0.010751,0.016022,0.978012,0.994744,0.005270,0.920000
0.92,7,0.010739,0.016006,0.977926,0.994747,0.005267,0.920000
0.92,8,0.010725,0.015989,0.977926,0.994749,0.005264,0.920000
0.92,9,0.010714,0.015975,0.977839,0.994752,0.005262,0.920000
0.92,10,0.010703,0.015962,0.977666,0.994755,0.005259,0.920000
0.92,11,0.010695,0.015951,0.977580,0.994757,0.005256,0.920000
0.92,12,0.010685,0.015939,0.977580,0.994760,0.005254,0.920000
0.92,13,0.010678,0.015928,0.977580,0.994763,0.005251,0.920000
0.92,14,0.010670,0.015917,0.977666,0.994766,0.005248,0.920000
0.92,15,0.010661,0.015905,0.977666,0.994769,0.005244,0.920000
0.92,16,0.010652,0.015893,0.977580,0.994773,0.005241,0.920000
0.92,17,0.010643,0.015881,0.977580,0.994776,0.005237,0.920000
0.92,18,0.010635,0.015869,0.977666,0.994780,0.005234,0.920000
0.92,19,0.010626,0.015856,0.977839,0.994783,0.005230,0.920000
0.92,20,0.010617,0.015844,0.977839,0.994787,0.005227,0.920000
0.92,21,0.010609,0.015832,0.977926,0.994791,0.005223,0.920000
0.92,22,0.010601,0.015820,0.977839,0.994794,0.005219,0.920000
0.92,23,0.010594,0.015809,0.977839,0.994798,0.005215,0.920000
0.92,24,0.010586,0.015797,0.977839,0.994802,0.005212,0.920000
0.92,25,0.010578,0.015786,0.977839,0.994805,0.005208,0.920000
0.92,26,0.010570,0.015774,0.977839,0.994809,0.005205,0.920000
0.92,27,0.010562,0.015763,0.977839,0.994812,0.005201,0.920000
0.92,28,0.010553,0.015751,0.977839,0.994816,0.005198,0.920000
0.92,29,0.010545,0.015739,0.978012,0.994819,0.005194,0.920000
0.92,30,0.010537,0.015727,0.978099,0.994823,0.005191,0.920000
0.92,31,0.010528,0.015716,0.978099,0.994826,0.005187,0.920000
0.92,32,0.010520,0.015704,0.978186,0.994829,0.005184,0.920000
0.92,33,0.010512,0.015693,0.978186,0.994832,0.005181,0.920000
0.92,34,0.010503,0.015681,0.978099,0.994836,0.005178,0.920000
0.92,35,0.010496,0.015670,0.978272,0.994839,0.005174,0.920000
0.92,36,0.010488,0.015659,0.978186,0.994842,0.005171,0.920000
0.92,37,0.010480,0.015648,0.978186,0.994846,0.005168,0.920000
0.92,38,0.010472,0.015637,0.978186,0.994849,0.005165,0.920000
0.92,39,0.010464,0.015626,0.978186,0.994852,0.005161,0.920000
0.92,40,0.010457,0.015615,0.978186,0.994855,0.005158,0.920000
0.92,41,0.010449,0.015604,0.978186,0.994859,0.005155,0.920000
0.92,42,0.010442,0.015593,0.978186,0.994862,0.005151,0.920000
0.92,43,0.010434,0.015582,0.978186,0.994865,0.005148,0.920000
0.92,44,0.010427,0.015571,0.978186,0.994869,0.005144,0.920000
0.92,45,0.010419,0.015560,0.978186,0.994872,0.005141,0.920000
0.92,46,0.010412,0.015550,0.978186,0.994876,0.005138,0.920000
0.92,47,0.010404,0.015538,0.978186,0.994879,0.005134,0.920000
0.92,48,0.010397,0.015528,0.978186,0.994882,0.005131,0.920000
0.92,49,0.010390,0.015517,0.978186,0.994886,0.005127,0.920000
0.92,50,0.010382,0.015506,0.978186,0.994889,0.005124,0.920000
0.92,51,0.010375,0.015495,0.978186,0.994893,0.005121,0.920000
0.92,52,0.010368,0.015485,0.978186,0.994896,0.005117,0.920000
0.92,53,0.010361,0.015474,0.978186,0.994899,0.005114,0.920000
0.92,54,0.010354,0.015464,0.978186,0.994903,0.005110,0.920000
0.92,55,0.010347,0.015454,0.978186,0.994906,0.005107,0.920000
0.92,56,0.010340,0.015443,0.978186,0.994909,0.005104,0.920000
0.92,57,0.010333,0.015433,0.978186,0.994913,0.005100,0.920000
0.92,58,0.010326,0.015423,0.978186,0.994916,0.005097,0.920000
0.92,59,0.010319,0.015412,0.978186,0.994919,0.005094,0.920000
0.92,60,0.010312,0.015402,0.978186,0.994923,0.005090,0.920000
0.92,61,0.010305,0.015392,0.978272,0.994926,0.005087,0.920000
0.92,62,0.010298,0.015381,0.978272,0.994929,0.005084,0.920000
0.92,63,0.010290,0.015371,0.978359,0.994932,0.005080,0.920000
0.92,64,0.010284,0.015361,0.978359,0.994936,0.005077,0.920000
0.92,65,0.010277,0.015351,0.978359,0.994939,0.005074,0.920000
0.92,66,0.010270,0.015340,0.978359,0.994942,0.005071,0.920000
0.92,67,0.010263,0.015330,0.978359,0.994945,0.005067,0.920000
0.92,68,0.010256,0.015320,0.978359,0.994949,0.005064,0.920000
0.92,69,0.010250,0.015310,0.978445,0.994952,0.005061,0.920000
0.92,70,0.010243,0.015300,0.978445,0.994955,0.005057,0.920000
0.92,71,0.010236,0.015290,0.978532,0.994959,0.005054,0.920000
0.92,72,0.010230,0.015281,0.978618,0.994962,0.005051,0.920000
0.92,73,0.010223,0.015271,0.978618,0.994965,0.005048,0.920000
0.92,74,0.010217,0.015261,0.978618,0.994968,0.005044,0.920000
0.92,75,0.010210,0.015251,0.978618,0.994972,0.005041,0.920000
0.92,76,0.010204,0.015242,0.978618,0.994975,0.005038,0.920000
0.92,77,0.010198,0.015232,0.978705,0.994978,0.005034,0.920000
0.92,78,0.010191,0.015222,0.978618,0.994981,0.005031,0.920000
0.92,79,0.010185,0.015213,0.978618,0.994985,0.005028,0.920000
0.92,80,0.010179,0.015203,0.978705,0.994988,0.005024,0.920000
0.92,81,0.010172,0.015193,0.978705,0.994991,0.005021,0.920000
0.92,82,0.010166,0.015184,0.978792,0.994995,0.005018,0.920000
0.92,83,0.010160,0.015175,0.978792,0.994998,0.005015,0.920000
0.92,84,0.010154,0.015165,0.978792,0.995001,0.005011,0.920000
0.92,85,0.010148,0.015156,0.978878,0.995005,0.005008,0.920000
0.92,86,0.010142,0.015146,0.978878,0.995008,0.005005,0.920000
0.92,87,0.010136,0.015137,0.978878,0.995011,0.005001,0.920000
0.92,88,0.010130,0.015128,0.978878,0.995014,0.004998,0.920000
0.92,89,0.010123,0.015118,0.978965,0.995018,0.004995,0.920000
0.92,90,0.010117,0.015109,0.978965,0.995021,0.004992,0.920000
0.92,91,0.010112,0.015100,0.978965,0.995024,0.004988,0.920000
0.92,92,0.010106,0.015091,0.978965,0.995027,0.004985,0.920000
0.92,93,0.010099,0.015081,0.978965,0.995030,0.004982,0.920000
0.92,94,0.010094,0.015072,0.978965,0.995034,0.004979,0.920000
0.92,95,0.010088,0.015063,0.978878,0.995037,0.004976,0.920000
0.92,96,0.010082,0.015054,0.978965,0.995040,0.004972,0.920000
0.92,97,0.010076,0.015045,0.979051,0.995043,0.004969,0.920000
0.92,98,0.010070,0.015036,0.979051,0.995046,0.004966,0.920000
0.92,99,0.010065,0.015027,0.979051,0.995050,0.004963,0.920000
0.92,100,0.010059,0.015018,0.979051,0.995053,0.004960,0.920000
0.93,1,0.010380,0.014716,0.978272,0.995674,0.004336,0.930000
0.93,2,0.010351,0.014683,0.978618,0.995678,0.004332,0.930000
0.93,3,0.010342,0.014670,0.979051,0.995682,0.004328,0.930000
0.93,4,0.010342,0.014667,0.978965,0.995685,0.004325,0.930000
0.93,5,0.010336,0.014657,0.978965,0.995687,0.004322,0.930000
0.93,6,0.010327,0.014647,0.978965,0.995690,0.004320,0.930000
0.93,7,0.010318,0.014636,0.978965,0.995692,0.004318,0.930000
0.93,8,0.010310,0.014626,0.979051,0.995693,0.004316,0.930000
0.93,9,0.010301,0.014616,0.978965,0.995695,0.004314,0.930000
0.93,10,0.010294,0.014606,0.978878,0.995697,0.004312,0.930000
0.93,11,0.010287,0.014598,0.978792,0.995699,0.004310,0.930000
0.93,12,0.010281,0.014589,0.978792,0.995701,0.004308,0.930000
0.93,13,0.010274,0.014581,0.978792,0.995703,0.004306,0.930000
0.93,14,0.010268,0.014572,0.978705,0.995705,0.004304,0.930000
0.93,15,0.010261,0.014563,0.978618,0.995707,0.004302,0.930000
0.93,16,0.010255,0.014554,0.978705,0.995710,0.004299,0.930000
0.93,17,0.010248,0.014545,0.978792,0.995712,0.004297,0.930000
0.93,18,0.010242,0.014537,0.978878,0.995715,0.004294,0.930000
0.93,19,0.010236,0.014528,0.978878,0.995717,0.004292,0.930000
0.93,20,0.010231,0.014520,0.978878,0.995720,0.004289,0.930000
0.93,21,0.010225,0.014512,0.978878,0.995722,0.004287,0.930000
0.93,22,0.010219,0.014504,0.978878,0.995725,0.004284,0.930000
0.93,23,0.010214,0.014496,0.978878,0.995727,0.004282,0.930000
0.93,24,0.010208,0.014487,0.978878,0.995730,0.004280,0.930000
0.93,25,0.010202,0.014479,0.978878,0.995732,0.004277,0.930000
0.93,26,0.010195,0.014470,0.978878,0.995734,0.004275,0.930000
0.93,27,0.010189,0.014461,0.978878,0.995737,0.004273,0.930000
0.93,28,0.010183,0.014453,0.978878,0.995739,0.004270,0.930000
0.93,29,0.010176,0.014444,0.978965,0.995741,0.004268,0.930000
0.93,30,0.010170,0.014436,0.978965,0.995743,0.004266,0.930000
0.93,31,0.010165,0.014428,0.979138,0.995746,0.004263,0.930000
0.93,32,0.010159,0.014420,0.979138,0.995748,0.004261,0.930000
0.93,33,0.010153,0.014412,0.979138,0.995750,0.004259,0.930000
0.93,34,0.010147,0.014404,0.979051,0.995752,0.004257,0.930000
0.93,35,0.010142,0.014397,0.979051,0.995755,0.004254,0.930000
0.93,36,0.010136,0.014389,0.978965,0.995757,0.004252,0.930000
0.93,37,0.010131,0.014381,0.978965,0.995759,0.004250,0.930000
0.93,38,0.010125,0.014373,0.979051,0.995761,0.004248,0.930000
0.93,39,0.010119,0.014364,0.979051,0.995764,0.004245,0.930000
0.93,40,0.010114,0.014357,0.979138,0.995766,0.004243,0.930000
0.93,41,0.010108,0.014349,0.979224,0.995768,0.004241,0.930000
0.93,42,0.010102,0.014341,0.979224,0.995771,0.004238,0.930000
0.93,43,0.010097,0.014333,0.979224,0.995773,0.004236,0.930000
0.93,44,0.010091,0.014325,0.979224,0.995775,0.004234,0.930000
0.93,45,0.010086,0.014317,0.979311,0.995778,0.004231,0.930000
0.93,46,0.010081,0.014310,0.979398,0.995780,0.004229,0.930000
0.93,47,0.010075,0.014302,0.979398,0.995782,0.004227,0.930000
0.93,48,0.010070,0.014294,0.979484,0.995785,0.004224,0.930000
0.93,49,0.010064,0.014286,0.979484,0.995787,0.004222,0.930000
0.93,50,0.010059,0.014279,0.979571,0.995789,0.004220,0.930000
0.93,51,0.010054,0.014271,0.979571,0.995791,0.004217,0.930000
0.93,52,0.010048,0.014264,0.979484,0.995794,0.004215,0.930000
0.93,53,0.010043,0.014256,0.979484,0.995796,0.004213,0.930000
0.93,54,0.010038,0.014248,0.979484,0.995798,0.004211,0.930000
0.93,55,0.010032,0.014241,0.979484,0.995800,0.004208,0.930000
0.93,56,0.010027,0.014233,0.979657,0.995803,0.004206,0.930000
0.93,57,0.010022,0.014226,0.979657,0.995805,0.004204,0.930000
0.93,58,0.010017,0.014218,0.979657,0.995807,0.004202,0.930000
0.93,59,0.010011,0.014211,0.979657,0.995809,0.004199,0.930000
0.93,60,0.010006,0.014203,0.979657,0.995812,0.004197,0.930000
0.93,61,0.010001,0.014196,0.979657,0.995814,0.004195,0.930000
0.93,62,0.009996,0.014189,0.979657,0.995816,0.004193,0.930000
0.93,63,0.009991,0.014181,0.979657,0.995818,0.004191,0.930000
0.93,64,0.009986,0.014174,0.979657,0.995820,0.004188,0.930000
0.93,65,0.009981,0.014167,0.979744,0.995823,0.004186,0.930000
0.93,66,0.009975,0.014159,0.979744,0.995825,0.004184,0.930000
0.93,67,0.009971,0.014152,0.979744,0.995827,0.004181,0.930000
0.93,68,0.009966,0.014145,0.979744,0.995830,0.004179,0.930000
0.93,69,0.009960,0.014137,0.979744,0.995832,0.004177,0.930000
0.93,70,0.009956,0.014130,0.979744,0.995834,0.004175,0.930000
0.93,71,0.009951,0.014123,0.979744,0.995836,0.004172,0.930000
0.93,72,0.009946,0.014116,0.979744,0.995839,0.004170,0.930000
0.93,73,0.009941,0.014109,0.979744,0.995841,0.004168,0.930000
0.93,74,0.009936,0.014102,0.979830,0.995843,0.004165,0.930000
0.93,75,0.009932,0.014095,0.979830,0.995845,0.004163,0.930000
0.93,76,0.009927,0.014088,0.979830,0.995848,0.004161,0.930000
0.93,77,0.009922,0.014081,0.979830,0.995850,0.004159,0.930000
0.93,78,0.009917,0.014074,0.979917,0.995852,0.004156,0.930000
0.93,79,0.009913,0.014067,0.979917,0.995854,0.004154,0.930000
0.93,80,0.009908,0.014060,0.979917,0.995857,0.004152,0.930000
0.93,81,0.009903,0.014053,0.980003,0.995859,0.004150,0.930000
0.93,82,0.009898,0.014046,0.980003,0.995861,0.004147,0.930000
0.93,83,0.009894,0.014039,0.980090,0.995863,0.004145,0.930000
0.93,84,0.009889,0.014032,0.980003,0.995866,0.004143,0.930000
0.93,85,0.009885,0.014025,0.980177,0.995868,0.004141,0.930000
0.93,86,0.009880,0.014018,0.980177,0.995870,0.004139,0.930000
0.93,87,0.009875,0.014011,0.980177,0.995872,0.004136,0.930000
0.93,88,0.009871,0.014005,0.980177,0.995874,0.004134,0.930000
0.93,89,0.009866,0.013998,0.980177,0.995877,0.004132,0.930000
0.93,90,0.009862,0.013991,0.980263,0.995879,0.004130,0.930000
0.93,91,0.009857,0.013985,0.980263,0.995881,0.004127,0.930000
0.93,92,0.009853,0.013978,0.980263,0.995883,0.004125,0.930000
0.93,93,0.009848,0.013971,0.980263,0.995885,0.004123,0.930000
0.93,94,0.009844,0.013965,0.980263,0.995888,0.004121,0.930000
0.93,95,0.009839,0.013958,0.980263,0.995890,0.004119,0.930000
0.93,96,0.009835,0.013951,0.980263,0.995892,0.004116,0.930000
0.93,97,0.009830,0.013945,0.980263,0.995894,0.004114,0.930000
0.93,98,0.009826,0.013938,0.980263,0.995896,0.004112,0.930000
0.93,99,0.009822,0.013931,0.980263,0.995899,0.004110,0.930000
0.93,100,0.009817,0.013925,0.980263,0.995901,0.004108,0.930000
0.94,1,0.010149,0.013667,0.979484,0.996488,0.003518,0.940000
0.94,2,0.010120,0.013635,0.979484,0.996491,0.003515,0.940000
0.94,3,0.010110,0.013622,0.979398,0.996494,0.003512,0.940000
0.94,4,0.010110,0.013620,0.979484,0.996496,0.003510,0.940000
0.94,5,0.010106,0.013614,0.979484,0.996498,0.003508,0.940000
0.94,6,0.010099,0.013606,0.979484,0.996499,0.003507,0.940000
0.94,7,0.010090,0.013596,0.979484,0.996500,0.003506,0.940000
0.94,8,0.010084,0.013589,0.979571,0.996501,0.003505,0.940000
0.94,9,0.010076,0.013580,0.979657,0.996502,0.003504,0.940000
0.94,10,0.010070,0.013573,0.979657,0.996503,0.003503,0.940000
0.94,11,0.010065,0.013567,0.979657,0.996504,0.003502,0.940000
0.94,12,0.010060,0.013561,0.979571,0.996506,0.003500,0.940000
0.94,13,0.010055,0.013554,0.979398,0.996507,0.003499,0.940000
0.94,14,0.010049,0.013547,0.979484,0.996508,0.003498,0.940000
0.94,15,0.010045,0.013541,0.979484,0.996510,0.003496,0.940000
0.94,1,0.010045,0.013541,0.979311,0.996511,0.003495,0.940000
0.94,2,0.010035,0.013528,0.979571,0.996513,0.003493,0.940000
0.94,3,0.010029,0.013520,0.979830,0.996515,0.003491,0.940000
0.94,4,0.010025,0.013514,0.979917,0.996517,0.003489,0.940000
0.94,5,0.010020,0.013508,0.979830,0.996519,0.003487,0.940000
0.94,6,0.010014,0.013500,0.979830,0.996520,0.003486,0.940000
0.94,7,0.010009,0.013494,0.979830,0.996521,0.003485,0.940000
0.94,8,0.010004,0.013487,0.979830,0.996523,0.003483,0.940000
0.94,9,0.009998,0.013480,0.979744,0.996524,0.003482,0.940000
0.94,10,0.009994,0.013474,0.979830,0.996526,0.003480,0.940000
0.94,11,0.009989,0.013468,0.979830,0.996527,0.003479,0.940000
0.94,12,0.009984,0.013462,0.979830,0.996529,0.003477,0.940000
0.94,13,0.009979,0.013455,0.979830,0.996530,0.003476,0.940000
0.94,14,0.009975,0.013449,0.979744,0.996532,0.003474,0.940000
0.94,15,0.009970,0.013442,0.979830,0.996534,0.003472,0.940000
0.94,16,0.009966,0.013436,0.979830,0.996535,0.003471,0.940000
0.94,17,0.009961,0.013429,0.979917,0.996537,0.003469,0.940000
0.94,18,0.009956,0.013423,0.980090,0.996539,0.003467,0.940000
0.94,19,0.009952,0.013417,0.980090,0.996541,0.003465,0.940000
0.94,20,0.009947,0.013411,0.980263,0.996542,0.003464,0.940000
0.94,21,0.009943,0.013405,0.980263,0.996544,0.003462,0.940000
0.94,22,0.009939,0.013399,0.980350,0.996546,0.003460,0.940000
0.94,23,0.009934,0.013393,0.980350,0.996547,0.003459,0.940000
0.94,24,0.009929,0.013387,0.980350,0.996549,0.003457,0.940000
0.94,25,0.009925,0.013381,0.980350,0.996550,0.003456,0.940000
0.94,26,0.009920,0.013375,0.980350,0.996552,0.003454,0.940000
0.94,27,0.009916,0.013369,0.980263,0.996553,0.003453,0.940000
0.94,28,0.009911,0.013362,0.980263,0.996555,0.003451,0.940000
0.94,29,0.009907,0.013357,0.980263,0.996556,0.003449,0.940000
0.94,30,0.009903,0.013351,0.980263,0.996558,0.003448,0.940000
0.94,31,0.009898,0.013345,0.980350,0.996560,0.003446,0.940000
0.94,32,0.009894,0.013339,0.980350,0.996561,0.003445,0.940000
0.94,33,0.009890,0.013333,0.980350,0.996563,0.003443,0.940000
0.94,34,0.009885,0.013327,0.980436,0.996564,0.003442,0.940000
0.94,35,0.009881,0.013322,0.980263,0.996566,0.003440,0.940000
0.94,36,0.009877,0.013316,0.980263,0.996567,0.003439,0.940000
0.94,37,0.009873,0.013310,0.980263,0.996569,0.003437,0.940000
0.94,38,0.009868,0.013304,0.980350,0.996570,0.003436,0.940000
0.94,39,0.009864,0.013298,0.980436,0.996572,0.003434,0.940000
0.94,40,0.009860,0.013293,0.980436,0.996573,0.003432,0.940000
0.94,41,0.009856,0.013287,0.980436,0.996575,0.003431,0.940000
0.94,42,0.009852,0.013281,0.980350,0.996577,0.003429,0.940000
0.94,43,0.009848,0.013275,0.980350,0.996578,0.003428,0.940000
0.94,44,0.009844,0.013270,0.980350,0.996580,0.003426,0.940000
0.94,45,0.009840,0.013264,0.980350,0.996581,0.003424,0.940000
0.94,46,0.009836,0.013259,0.980350,0.996583,0.003423,0.940000
0.94,47,0.009832,0.013253,0.980350,0.996585,0.003421,0.940000
0.94,48,0.009828,0.013247,0.980436,0.996586,0.003420,0.940000
0.94,49,0.009824,0.013242,0.980436,0.996588,0.003418,0.940000
0.94,50,0.009820,0.013236,0.980436,0.996589,0.003417,0.940000
0.94,51,0.009816,0.013231,0.980436,0.996591,0.003415,0.940000
0.94,52,0.009812,0.013225,0.980523,0.996592,0.003413,0.940000
0.94,53,0.009807,0.013219,0.980523,0.996594,0.003412,0.940000
0.94,54,0.009804,0.013214,0.980436,0.996595,0.003410,0.940000
0.94,55,0.009800,0.013209,0.980436,0.996597,0.003409,0.940000
0.94,56,0.009796,0.013203,0.980436,0.996598,0.003407,0.940000
0.94,57,0.009792,0.013197,0.980436,0.996600,0.003406,0.940000
0.94,58,0.009788,0.013192,0.980436,0.996601,0.003404,0.940000
0.94,59,0.009784,0.013187,0.980523,0.996603,0.003403,0.940000
0.94,60,0.009780,0.013181,0.980523,0.996604,0.003401,0.940000
0.94,61,0.009776,0.013176,0.980523,0.996606,0.003400,0.940000
0.94,62,0.009772,0.013171,0.980523,0.996608,0.003398,0.940000
0.94,63,0.009768,0.013165,0.980609,0.996609,0.003397,0.940000
0.94,64,0.009765,0.013160,0.980609,0.996611,0.003395,0.940000
0.94,65,0.009761,0.013155,0.980609,0.996612,0.003394,0.940000
0.94,66,0.009757,0.013149,0.980609,0.996614,0.003392,0.940000
0.94,67,0.009753,0.013144,0.980609,0.996615,0.003391,0.940000
0.94,68,0.009750,0.013139,0.980609,0.996617,0.003389,0.940000
0.94,69,0.009746,0.013133,0.980609,0.996618,0.003387,0.940000
0.94,70,0.009742,0.013128,0.980609,0.996620,0.003386,0.940000
0.94,71,0.009738,0.013123,0.980609,0.996621,0.003384,0.940000
0.94,72,0.009735,0.013117,0.980609,0.996623,0.003383,0.940000
0.94,73,0.009731,0.013112,0.980609,0.996624,0.003381,0.940000
0.94,74,0.009727,0.013107,0.980523,0.996626,0.003380,0.940000
0.94,75,0.009724,0.013102,0.980609,0.996627,0.003378,0.940000
0.94,76,0.009720,0.013097,0.980609,0.996629,0.003377,0.940000
0.94,77,0.009716,0.013092,0.980609,0.996630,0.003375,0.940000
0.94,78,0.009713,0.013087,0.980609,0.996632,0.003374,0.940000
0.94,79,0.009709,0.013081,0.980609,0.996633,0.003372,0.940000
0.94,80,0.009705,0.013076,0.980609,0.996635,0.003371,0.940000
0.94,81,0.009702,0.013071,0.980609,0.996636,0.003369,0.940000
0.94,82,0.009698,0.013066,0.980609,0.996638,0.003368,0.940000
0.94,83,0.009695,0.013061,0.980609,0.996639,0.003366,0.940000
0.94,84,0.009691,0.013056,0.980609,0.996641,0.003365,0.940000
0.94,85,0.009688,0.013051,0.980609,0.996642,0.003363,0.940000
0.94,86,0.009684,0.013046,0.980609,0.996644,0.003362,0.940000
0.94,87,0.009680,0.013041,0.980696,0.996645,0.003360,0.940000
0.94,88,0.009677,0.013036,0.980696,0.996647,0.003359,0.940000
0.94,89,0.009673,0.013031,0.980696,0.996648,0.003357,0.940000
0.94,90,0.009670,0.013026,0.980696,0.996650,0.003356,0.940000
0.94,91,0.009667,0.013021,0.980696,0.996651,0.003354,0.940000
0.94,92,0.009663,0.013016,0.980696,0.996653,0.003353,0.940000
0.94,93,0.009660,0.013011,0.980696,0.996654,0.003351,0.940000
0.94,94,0.009656,0.013006,0.980696,0.996656,0.003350,0.940000
0.94,95,0.009653,0.013001,0.980696,0.996657,0.003348,0.940000
0.94,96,0.009649,0.012996,0.980696,0.996659,0.003347,0.940000
0.94,97,0.009646,0.012991,0.980696,0.996660,0.003345,0.940000
0.94,98,0.009643,0.012987,0.980696,0.996662,0.003344,0.940000
0.94,99,0.009639,0.012982,0.980783,0.996663,0.003342,0.940000
0.94,100,0.009636,0.012977,0.980783,0.996665,0.003341,0.940000
0.95,1,0.009973,0.012755,0.979917,0.997222,0.002782,0.950000
0.95,2,0.009948,0.012728,0.979744,0.997224,0.002780,0.950000
0.95,3,0.009941,0.012719,0.980003,0.997226,0.002778,0.950000
0.95,4,0.009941,0.012718,0.980003,0.997227,0.002777,0.950000
0.95,5,0.009938,0.012714,0.980523,0.997228,0.002776,0.950000
0.95,6,0.009932,0.012707,0.980436,0.997229,0.002775,0.950000
0.95,7,0.009925,0.012700,0.980090,0.997229,0.002775,0.950000
0.95,8,0.009919,0.012692,0.980177,0.997230,0.002774,0.950000
0.95,9,0.009914,0.012687,0.980177,0.997230,0.002773,0.950000
0.95,10,0.009909,0.012681,0.979917,0.997231,0.002773,0.950000
0.95,11,0.009905,0.012678,0.979830,0.997232,0.002772,0.950000
0.95,12,0.009902,0.012674,0.979917,0.997232,0.002772,0.950000
0.95,13,0.009898,0.012669,0.980003,0.997233,0.002771,0.950000
0.95,14,0.009894,0.012664,0.979917,0.997234,0.002770,0.950000
0.95,15,0.009890,0.012659,0.979917,0.997234,0.002769,0.950000
0.95,16,0.009886,0.012654,0.980090,0.997235,0.002768,0.950000
0.95,17,0.009882,0.012649,0.980177,0.997236,0.002768,0.950000
0.95,18,0.009878,0.012644,0.980436,0.997237,0.002767,0.950000
0.95,19,0.009874,0.012639,0.980263,0.997238,0.002766,0.950000
0.95,20,0.009870,0.012635,0.980177,0.997239,0.002765,0.950000
0.95,21,0.009867,0.012631,0.980263,0.997240,0.002764,0.950000
0.95,22,0.009863,0.012626,0.980350,0.997241,0.002763,0.950000
0.95,23,0.009860,0.012622,0.980350,0.997242,0.002762,0.950000
0.95,24,0.009856,0.012617,0.980350,0.997243,0.002761,0.950000
0.95,25,0.009852,0.012613,0.980350,0.997244,0.002760,0.950000
0.95,26,0.009848,0.012608,0.980350,0.997245,0.002759,0.950000
0.95,27,0.009844,0.012603,0.980350,0.997245,0.002758,0.950000
0.95,28,0.009841,0.012598,0.980350,0.997246,0.002758,0.950000
0.95,29,0.009837,0.012593,0.980350,0.997247,0.002757,0.950000
0.95,30,0.009833,0.012589,0.980436,0.997248,0.002756,0.950000
0.95,31,0.009829,0.012585,0.980436,0.997249,0.002755,0.950000
0.95,32,0.009825,0.012580,0.980436,0.997249,0.002754,0.950000
0.95,33,0.009822,0.012576,0.980350,0.997250,0.002754,0.950000
0.95,34,0.009819,0.012572,0.980350,0.997251,0.002753,0.950000
0.95,35,0.009815,0.012567,0.980350,0.997252,0.002752,0.950000
0.95,36,0.009812,0.012563,0.980350,0.997252,0.002751,0.950000
0.95,37,0.009808,0.012559,0.980436,0.997253,0.002750,0.950000
0.95,38,0.009805,0.012555,0.980436,0.997254,0.002750,0.950000
0.95,39,0.009801,0.012550,0.980350,0.997255,0.002749,0.950000
0.95,40,0.009798,0.012546,0.980350,0.997256,0.002748,0.950000
0.95,41,0.009794,0.012541,0.980350,0.997257,0.002747,0.950000
0.95,42,0.009791,0.012537,0.980350,0.997258,0.002746,0.950000
0.95,43,0.009787,0.012533,0.980436,0.997259,0.002745,0.950000
0.95,44,0.009784,0.012528,0.980350,0.997259,0.002744,0.950000
0.95,45,0.009780,0.012524,0.980350,0.997260,0.002743,0.950000
0.95,46,0.009777,0.012520,0.980350,0.997261,0.002743,0.950000
0.95,47,0.009774,0.012516,0.980350,0.997262,0.002742,0.950000
0.95,48,0.009770,0.012511,0.980350,0.997263,0.002741,0.950000
0.95,49,0.009767,0.012507,0.980350,0.997264,0.002740,0.950000
0.95,50,0.009764,0.012503,0.980350,0.997265,0.002739,0.950000
0.95,51,0.009760,0.012499,0.980350,0.997265,0.002738,0.950000
0.95,52,0.009757,0.012494,0.980350,0.997266,0.002738,0.950000
0.95,53,0.009753,0.012490,0.980350,0.997267,0.002737,0.950000
0.95,54,0.009750,0.012486,0.980350,0.997268,0.002736,0.950000
0.95,55,0.009746,0.012482,0.980350,0.997269,0.002735,0.950000
0.95,56,0.009743,0.012477,0.980350,0.997270,0.002734,0.950000
0.95,57,0.009740,0.012473,0.980350,0.997270,0.002733,0.950000
0.95,58,0.009737,0.012469,0.980350,0.997271,0.002733,0.950000
0.95,59,0.009733,0.012465,0.980350,0.997272,0.002732,0.950000
0.95,60,0.009730,0.012461,0.980263,0.997273,0.002731,0.950000
0.95,61,0.009727,0.012457,0.980263,0.997274,0.002730,0.950000
0.95,62,0.009723,0.012453,0.980350,0.997274,0.002729,0.950000
0.95,63,0.009720,0.012449,0.980350,0.997275,0.002728,0.950000
0.95,64,0.009717,0.012444,0.980350,0.997276,0.002728,0.950000
0.95,65,0.009714,0.012440,0.980436,0.997277,0.002727,0.950000
0.95,66,0.009710,0.012436,0.980436,0.997278,0.002726,0.950000
0.95,67,0.009707,0.012432,0.980436,0.997279,0.002725,0.950000
0.95,68,0.009704,0.012428,0.980523,0.997280,0.002724,0.950000
0.95,69,0.009701,0.012424,0.980436,0.997281,0.002723,0.950000
0.95,70,0.009698,0.012420,0.980523,0.997281,0.002722,0.950000
0.95,71,0.009694,0.012416,0.980523,0.997282,0.002721,0.950000
0.95,72,0.009691,0.012412,0.980523,0.997283,0.002720,0.950000
0.95,73,0.009688,0.012408,0.980523,0.997284,0.002719,0.950000
0.95,74,0.009685,0.012404,0.980523,0.997285,0.002719,0.950000
0.95,75,0.009682,0.012400,0.980523,0.997286,0.002718,0.950000
0.95,76,0.009679,0.012396,0.980609,0.997287,0.002717,0.950000
0.95,77,0.009676,0.012392,0.980609,0.997288,0.002716,0.950000
0.95,78,0.009673,0.012388,0.980609,0.997289,0.002715,0.950000
0.95,79,0.009670,0.012384,0.980609,0.997290,0.002714,0.950000
0.95,80,0.009667,0.012380,0.980609,0.997291,0.002713,0.950000
0.95,81,0.009664,0.012376,0.980696,0.997291,0.002712,0.950000
0.95,82,0.009661,0.012372,0.980696,0.997292,0.002711,0.950000
0.95,83,0.009658,0.012368,0.980696,0.997293,0.002710,0.950000
0.95,84,0.009655,0.012364,0.980696,0.997294,0.002710,0.950000
0.95,85,0.009652,0.012360,0.980696,0.997295,0.002709,0.950000
0.95,86,0.009649,0.012356,0.980696,0.997296,0.002708,0.950000
0.95,87,0.009646,0.012352,0.980696,0.997297,0.002707,0.950000
0.95,88,0.009643,0.012349,0.980696,0.997298,0.002706,0.950000
0.95,89,0.009640,0.012345,0.980696,0.997299,0.002705,0.950000
0.95,90,0.009637,0.012341,0.980696,0.997300,0.002704,0.950000
0.95,91,0.009634,0.012337,0.980783,0.997300,0.002703,0.950000
0.95,92,0.009631,0.012333,0.980783,0.997301,0.002702,0.950000
0.95,93,0.009628,0.012330,0.980783,0.997302,0.002701,0.950000
0.95,94,0.009625,0.012326,0.980783,0.997303,0.002700,0.950000
0.95,95,0.009622,0.012322,0.980869,0.997304,0.002700,0.950000
0.95,96,0.009620,0.012318,0.980869,0.997305,0.002699,0.950000
0.95,97,0.009617,0.012314,0.980956,0.997306,0.002698,0.950000
0.95,98,0.009614,0.012311,0.980956,0.997307,0.002697,0.950000
0.95,99,0.009611,0.012307,0.981042,0.997308,0.002696,0.950000
0.95,100,0.009608,0.012303,0.981042,0.997309,0.002695,0.950000
0.96,1,0.009965,0.012120,0.979571,0.997848,0.002155,0.960000
0.96,2,0.009943,0.012096,0.980003,0.997849,0.002153,0.960000
0.96,3,0.009939,0.012091,0.980177,0.997850,0.002152,0.960000
0.96,4,0.009940,0.012091,0.980436,0.997851,0.002151,0.960000
0.96,5,0.009935,0.012086,0.980523,0.997852,0.002150,0.960000
0.96,6,0.009929,0.012079,0.980436,0.997852,0.002150,0.960000
0.96,7,0.009923,0.012073,0.980436,0.997853,0.002150,0.960000
0.96,8,0.009918,0.012067,0.980263,0.997853,0.002150,0.960000
0.96,9,0.009911,0.012061,0.980350,0.997853,0.002149,0.960000
0.96,10,0.009908,0.012057,0.980350,0.997853,0.002149,0.960000
0.96,11,0.009905,0.012053,0.980263,0.997854,0.002149,0.960000
0.96,12,0.009901,0.012050,0.980090,0.997854,0.002148,0.960000
0.96,13,0.009898,0.012046,0.980177,0.997854,0.002148,0.960000
0.96,14,0.009895,0.012043,0.980090,0.997855,0.002148,0.960000
0.96,15,0.009891,0.012038,0.980090,0.997855,0.002147,0.960000
0.96,16,0.009887,0.012034,0.980263,0.997856,0.002147,0.960000
0.96,17,0.009884,0.012030,0.980263,0.997856,0.002146,0.960000
0.96,18,0.009880,0.012025,0.980523,0.997857,0.002146,0.960000
0.96,19,0.009876,0.012021,0.980609,0.997857,0.002145,0.960000
0.96,20,0.009873,0.012018,0.980783,0.997858,0.002145,0.960000
0.96,21,0.009870,0.012014,0.980783,0.997858,0.002144,0.960000
0.96,22,0.009867,0.012011,0.980783,0.997859,0.002143,0.960000
0.96,23,0.009865,0.012008,0.980783,0.997859,0.002143,0.960000
0.96,24,0.009861,0.012004,0.980696,0.997860,0.002142,0.960000
0.96,25,0.009858,0.012000,0.980696,0.997860,0.002142,0.960000
0.96,26,0.009855,0.011997,0.980696,0.997861,0.002141,0.960000
0.96,27,0.009852,0.011993,0.980609,0.997861,0.002141,0.960000
0.96,28,0.009848,0.011988,0.980436,0.997862,0.002141,0.960000
0.96,29,0.009844,0.011984,0.980436,0.997862,0.002140,0.960000
0.96,30,0.009841,0.011980,0.980436,0.997863,0.002140,0.960000
0.96,31,0.009837,0.011976,0.980436,0.997863,0.002139,0.960000
0.96,32,0.009834,0.011973,0.980436,0.997864,0.002139,0.960000
0.96,33,0.009831,0.011969,0.980436,0.997864,0.002138,0.960000
0.96,34,0.009828,0.011966,0.980436,0.997864,0.002138,0.960000
0.96,35,0.009825,0.011963,0.980436,0.997865,0.002137,0.960000
0.96,36,0.009822,0.011959,0.980436,0.997865,0.002137,0.960000
0.96,37,0.009820,0.011956,0.980436,0.997866,0.002137,0.960000
0.96,38,0.009817,0.011953,0.980436,0.997866,0.002136,0.960000
0.96,39,0.009813,0.011949,0.980436,0.997867,0.002136,0.960000
0.96,40,0.009810,0.011945,0.980436,0.997867,0.002135,0.960000
0.96,41,0.009807,0.011942,0.980436,0.997868,0.002135,0.960000
0.96,42,0.009804,0.011938,0.980436,0.997868,0.002134,0.960000
0.96,43,0.009801,0.011934,0.980436,0.997869,0.002134,0.960000
0.96,44,0.009798,0.011931,0.980436,0.997869,0.002133,0.960000
0.96,45,0.009795,0.011927,0.980436,0.997870,0.002133,0.960000
0.96,46,0.009792,0.011924,0.980436,0.997870,0.002132,0.960000
0.96,47,0.009789,0.011921,0.980436,0.997871,0.002132,0.960000
0.96,48,0.009786,0.011917,0.980523,0.997871,0.002131,0.960000
0.96,49,0.009783,0.011914,0.980523,0.997872,0.002131,0.960000
0.96,50,0.009780,0.011911,0.980523,0.997872,0.002130,0.960000
0.96,51,0.009777,0.011907,0.980609,0.997873,0.002130,0.960000
0.96,52,0.009775,0.011904,0.980609,0.997873,0.002129,0.960000
0.96,53,0.009772,0.011900,0.980696,0.997874,0.002129,0.960000
0.96,54,0.009769,0.011897,0.980783,0.997874,0.002128,0.960000
0.96,55,0.009766,0.011893,0.980783,0.997875,0.002128,0.960000
0.96,56,0.009763,0.011890,0.980783,0.997875,0.002127,0.960000
0.96,57,0.009760,0.011887,0.980696,0.997876,0.002127,0.960000
0.96,58,0.009757,0.011883,0.980696,0.997876,0.002126,0.960000
0.96,59,0.009754,0.011880,0.980696,0.997876,0.002126,0.960000
0.96,60,0.009751,0.011877,0.980609,0.997877,0.002125,0.960000
0.96,61,0.009749,0.011873,0.980609,0.997877,0.002125,0.960000
0.96,62,0.009746,0.011870,0.980609,0.997878,0.002124,0.960000
0.96,63,0.009743,0.011867,0.980609,0.997878,0.002124,0.960000
0.96,64,0.009740,0.011863,0.980609,0.997879,0.002123,0.960000
0.96,65,0.009737,0.011860,0.980609,0.997879,0.002123,0.960000
0.96,66,0.009734,0.011857,0.980609,0.997880,0.002122,0.960000
0.96,67,0.009732,0.011853,0.980609,0.997881,0.002122,0.960000
0.96,68,0.009729,0.011850,0.980696,0.997881,0.002121,0.960000
0.96,69,0.009726,0.011847,0.980696,0.997882,0.002121,0.960000
0.96,70,0.009723,0.011843,0.980696,0.997882,0.002120,0.960000
0.96,71,0.009721,0.011840,0.980696,0.997883,0.002120,0.960000
0.96,72,0.009718,0.011837,0.980696,0.997883,0.002119,0.960000
0.96,73,0.009715,0.011834,0.980696,0.997884,0.002118,0.960000
0.96,74,0.009713,0.011831,0.980783,0.997884,0.002118,0.960000
0.96,75,0.009710,0.011828,0.980783,0.997885,0.002117,0.960000
0.96,76,0.009707,0.011824,0.980869,0.997885,0.002117,0.960000
0.96,77,0.009705,0.011821,0.980869,0.997886,0.002116,0.960000
0.96,78,0.009702,0.011818,0.980869,0.997887,0.002116,0.960000
0.96,79,0.009699,0.011815,0.980869,0.997887,0.002115,0.960000
0.96,80,0.009697,0.011811,0.980956,0.997888,0.002115,0.960000
0.96,81,0.009694,0.011808,0.980956,0.997888,0.002114,0.960000
0.96,82,0.009691,0.011805,0.980956,0.997889,0.002114,0.960000
0.96,83,0.009689,0.011802,0.981042,0.997889,0.002113,0.960000
0.96,84,0.009686,0.011799,0.981042,0.997890,0.002112,0.960000
0.96,85,0.009684,0.011795,0.981042,0.997890,0.002112,0.960000
0.96,86,0.009681,0.011792,0.981042,0.997891,0.002111,0.960000
0.96,87,0.009678,0.011789,0.981042,0.997891,0.002111,0.960000
0.96,88,0.009676,0.011786,0.981042,0.997892,0.002110,0.960000
0.96,89,0.009673,0.011783,0.981042,0.997892,0.002110,0.960000
0.96,90,0.009671,0.011780,0.981042,0.997893,0.002109,0.960000
0.96,91,0.009668,0.011777,0.981042,0.997894,0.002109,0.960000
0.96,92,0.009666,0.011774,0.981129,0.997894,0.002108,0.960000
0.96,93,0.009663,0.011770,0.981129,0.997895,0.002108,0.960000
0.96,94,0.009660,0.011767,0.981129,0.997895,0.002107,0.960000
0.96,95,0.009658,0.011764,0.981129,0.997896,0.002106,0.960000
0.96,96,0.009655,0.011761,0.981129,0.997896,0.002106,0.960000
0.96,97,0.009653,0.011758,0.981129,0.997897,0.002105,0.960000
0.96,98,0.009651,0.011755,0.981042,0.997897,0.002105,0.960000
0.96,99,0.009648,0.011752,0.981042,0.997898,0.002104,0.960000
0.96,100,0.009646,0.011749,0.980956,0.997899,0.002104,0.960000
0.97,1,0.010029,0.011606,0.979917,0.998424,0.001577,0.970000
0.97,2,0.010012,0.011588,0.979657,0.998425,0.001576,0.970000
0.97,3,0.010007,0.011582,0.980090,0.998426,0.001575,0.970000
0.97,4,0.010005,0.011579,0.980177,0.998427,0.001575,0.970000
0.97,5,0.010000,0.011575,0.980350,0.998427,0.001574,0.970000
0.97,6,0.009994,0.011568,0.980350,0.998427,0.001574,0.970000
0.97,7,0.009990,0.011564,0.980003,0.998427,0.001574,0.970000
0.97,8,0.009984,0.011558,0.980263,0.998427,0.001574,0.970000
0.97,9,0.009980,0.011554,0.980090,0.998427,0.001574,0.970000
0.97,10,0.009977,0.011550,0.980090,0.998427,0.001574,0.970000
0.97,11,0.009974,0.011548,0.980177,0.998428,0.001574,0.970000
0.97,12,0.009971,0.011545,0.980090,0.998428,0.001574,0.970000
0.97,13,0.009968,0.011541,0.980090,0.998428,0.001573,0.970000
0.97,14,0.009965,0.011538,0.980090,0.998428,0.001573,0.970000
0.97,15,0.009961,0.011534,0.980263,0.998428,0.001573,0.970000
0.97,16,0.009958,0.011531,0.980263,0.998429,0.001573,0.970000
0.97,17,0.009955,0.011528,0.980436,0.998429,0.001572,0.970000
0.97,18,0.009952,0.011524,0.980350,0.998429,0.001572,0.970000
0.97,19,0.009949,0.011521,0.980350,0.998429,0.001572,0.970000
0.97,20,0.009947,0.011518,0.980263,0.998430,0.001572,0.970000
0.97,21,0.009944,0.011515,0.980436,0.998430,0.001571,0.970000
0.97,22,0.009942,0.011513,0.980436,0.998430,0.001571,0.970000
0.97,23,0.009939,0.011510,0.980350,0.998430,0.001571,0.970000
0.97,24,0.009936,0.011507,0.980350,0.998431,0.001571,0.970000
0.97,25,0.009933,0.011503,0.980350,0.998431,0.001570,0.970000
0.97,26,0.009930,0.011500,0.980350,0.998431,0.001570,0.970000
0.97,27,0.009927,0.011497,0.980263,0.998431,0.001570,0.970000
0.97,28,0.009923,0.011493,0.980177,0.998432,0.001570,0.970000
0.97,29,0.009921,0.011490,0.980177,0.998432,0.001569,0.970000
0.97,30,0.009918,0.011487,0.980263,0.998432,0.001569,0.970000
0.97,31,0.009915,0.011484,0.980263,0.998432,0.001569,0.970000
0.97,32,0.009913,0.011482,0.980177,0.998432,0.001569,0.970000
0.97,33,0.009910,0.011479,0.980350,0.998433,0.001569,0.970000
0.97,34,0.009908,0.011476,0.980263,0.998433,0.001568,0.970000
0.97,35,0.009906,0.011474,0.980350,0.998433,0.001568,0.970000
0.97,36,0.009903,0.011471,0.980350,0.998433,0.001568,0.970000
0.97,37,0.009900,0.011468,0.980436,0.998434,0.001568,0.970000
0.97,38,0.009898,0.011465,0.980436,0.998434,0.001567,0.970000
0.97,39,0.009895,0.011462,0.980436,0.998434,0.001567,0.970000
0.97,40,0.009892,0.011459,0.980436,0.998434,0.001567,0.970000
0.97,41,0.009889,0.011456,0.980436,0.998435,0.001567,0.970000
0.97,42,0.009887,0.011453,0.980436,0.998435,0.001566,0.970000
0.97,43,0.009884,0.011450,0.980436,0.998435,0.001566,0.970000
0.97,44,0.009881,0.011447,0.980436,0.998435,0.001566,0.970000
0.97,45,0.009879,0.011445,0.980436,0.998436,0.001566,0.970000
0.97,46,0.009877,0.011442,0.980523,0.998436,0.001565,0.970000
0.97,47,0.009874,0.011439,0.980609,0.998436,0.001565,0.970000
0.97,48,0.009871,0.011436,0.980609,0.998436,0.001565,0.970000
0.97,49,0.009869,0.011434,0.980609,0.998437,0.001565,0.970000
0.97,50,0.009867,0.011431,0.980609,0.998437,0.001564,0.970000
0.97,51,0.009864,0.011428,0.980696,0.998437,0.001564,0.970000
0.97,52,0.009861,0.011425,0.980696,0.998437,0.001564,0.970000
0.97,53,0.009859,0.011423,0.980609,0.998437,0.001564,0.970000
0.97,54,0.009856,0.011420,0.980696,0.998438,0.001564,0.970000
0.97,55,0.009854,0.011417,0.980696,0.998438,0.001563,0.970000
0.97,56,0.009851,0.011414,0.980696,0.998438,0.001563,0.970000
0.97,57,0.009849,0.011412,0.980783,0.998438,0.001563,0.970000
0.97,58,0.009846,0.011409,0.980869,0.998439,0.001563,0.970000
0.97,59,0.009844,0.011406,0.980869,0.998439,0.001562,0.970000
0.97,60,0.009842,0.011404,0.980869,0.998439,0.001562,0.970000
0.97,61,0.009839,0.011401,0.980869,0.998439,0.001562,0.970000
0.97,62,0.009837,0.011398,0.980869,0.998440,0.001562,0.970000
0.97,63,0.009834,0.011395,0.980869,0.998440,0.001561,0.970000
0.97,64,0.009832,0.011393,0.980869,0.998440,0.001561,0.970000
0.97,65,0.009829,0.011390,0.980869,0.998440,0.001561,0.970000
0.97,66,0.009827,0.011387,0.980869,0.998441,0.001560,0.970000
0.97,67,0.009824,0.011385,0.980869,0.998441,0.001560,0.970000
0.97,68,0.009822,0.011382,0.980869,0.998441,0.001560,0.970000
0.97,69,0.009820,0.011379,0.980869,0.998442,0.001560,0.970000
0.97,70,0.009817,0.011377,0.980869,0.998442,0.001559,0.970000
0.97,71,0.009815,0.011374,0.980956,0.998442,0.001559,0.970000
0.97,72,0.009813,0.011371,0.980956,0.998442,0.001559,0.970000
0.97,73,0.009810,0.011369,0.980956,0.998443,0.001558,0.970000
0.97,74,0.009808,0.011366,0.981042,0.998443,0.001558,0.970000
0.97,75,0.009806,0.011364,0.981129,0.998443,0.001558,0.970000
0.97,76,0.009803,0.011361,0.981129,0.998444,0.001558,0.970000
0.97,77,0.009801,0.011358,0.981129,0.998444,0.001557,0.970000
0.97,78,0.009799,0.011356,0.981129,0.998444,0.001557,0.970000
0.97,79,0.009797,0.011353,0.981129,0.998445,0.001557,0.970000
0.97,80,0.009794,0.011351,0.981129,0.998445,0.001556,0.970000
0.97,81,0.009792,0.011348,0.981129,0.998445,0.001556,0.970000
0.97,82,0.009790,0.011345,0.981129,0.998445,0.001556,0.970000
0.97,83,0.009787,0.011343,0.981129,0.998446,0.001555,0.970000
0.97,84,0.009785,0.011340,0.981129,0.998446,0.001555,0.970000
0.97,85,0.009783,0.011338,0.981129,0.998446,0.001555,0.970000
0.97,86,0.009780,0.011335,0.981129,0.998447,0.001555,0.970000
0.97,87,0.009778,0.011332,0.981129,0.998447,0.001554,0.970000
0.97,88,0.009776,0.011330,0.981042,0.998447,0.001554,0.970000
0.97,89,0.009774,0.011327,0.981042,0.998447,0.001554,0.970000
0.97,90,0.009771,0.011325,0.981042,0.998448,0.001553,0.970000
0.97,91,0.009769,0.011322,0.980956,0.998448,0.001553,0.970000
0.97,92,0.009767,0.011320,0.980956,0.998448,0.001553,0.970000
0.97,93,0.009765,0.011317,0.980956,0.998449,0.001553,0.970000
0.97,94,0.009763,0.011315,0.980956,0.998449,0.001552,0.970000
0.97,95,0.009760,0.011312,0.980956,0.998449,0.001552,0.970000
0.97,96,0.009758,0.011310,0.980956,0.998450,0.001552,0.970000
0.97,97,0.009756,0.011307,0.980956,0.998450,0.001551,0.970000
0.97,98,0.009754,0.011305,0.980956,0.998450,0.001551,0.970000
0.97,99,0.009752,0.011302,0.981042,0.998450,0.001551,0.970000
0.97,100,0.009749,0.011300,0.981042,0.998451,0.001550,0.970000
0.98,1,0.010172,0.011205,0.979484,0.998967,0.001033,0.980000
0.98,2,0.010151,0.011184,0.979657,0.998968,0.001033,0.980000
0.98,3,0.010141,0.011173,0.979917,0.998968,0.001032,0.980000
0.98,4,0.010140,0.011172,0.980003,0.998969,0.001032,0.980000
0.98,5,0.010137,0.011168,0.980177,0.998969,0.001032,0.980000
0.98,6,0.010132,0.011163,0.980003,0.998969,0.001032,0.980000
0.98,7,0.010126,0.011157,0.980003,0.998969,0.001032,0.980000
0.98,8,0.010121,0.011153,0.980090,0.998969,0.001032,0.980000
0.98,9,0.010117,0.011149,0.980177,0.998969,0.001032,0.980000
0.98,10,0.010115,0.011146,0.980003,0.998969,0.001032,0.980000
0.98,11,0.010111,0.011143,0.980003,0.998969,0.001032,0.980000
0.98,12,0.010109,0.011141,0.979917,0.998969,0.001032,0.980000
0.98,13,0.010106,0.011138,0.979917,0.998969,0.001032,0.980000
0.98,14,0.010104,0.011135,0.979917,0.998969,0.001032,0.980000
0.98,15,0.010101,0.011132,0.980003,0.998969,0.001031,0.980000
0.98,16,0.010097,0.011129,0.980090,0.998969,0.001031,0.980000
0.98,17,0.010094,0.011125,0.980090,0.998969,0.001031,0.980000
0.98,18,0.010092,0.011123,0.980263,0.998969,0.001031,0.980000
0.98,19,0.010089,0.011120,0.980263,0.998970,0.001031,0.980000
0.98,20,0.010087,0.011118,0.980263,0.998970,0.001031,0.980000
0.98,21,0.010085,0.011115,0.980523,0.998970,0.001031,0.980000
0.98,22,0.010082,0.011113,0.980523,0.998970,0.001031,0.980000
0.98,23,0.010080,0.011110,0.980523,0.998970,0.001031,0.980000
0.98,24,0.010077,0.011108,0.980350,0.998970,0.001030,0.980000
0.98,25,0.010074,0.011104,0.980350,0.998970,0.001030,0.980000
0.98,26,0.010071,0.011101,0.980350,0.998970,0.001030,0.980000
0.98,27,0.010068,0.011098,0.980263,0.998970,0.001030,0.980000
0.98,28,0.010065,0.011095,0.980263,0.998970,0.001030,0.980000
0.98,29,0.010063,0.011093,0.980263,0.998971,0.001030,0.980000
0.98,30,0.010060,0.011090,0.980177,0.998971,0.001030,0.980000
0.98,31,0.010058,0.011088,0.980177,0.998971,0.001030,0.980000
0.98,32,0.010055,0.011085,0.980177,0.998971,0.001030,0.980000
0.98,33,0.010053,0.011083,0.980177,0.998971,0.001030,0.980000
0.98,34,0.010051,0.011080,0.980177,0.998971,0.001030,0.980000
0.98,35,0.010048,0.011078,0.980090,0.998971,0.001030,0.980000
0.98,36,0.010046,0.011075,0.980090,0.998971,0.001029,0.980000
0.98,37,0.010043,0.011073,0.980177,0.998971,0.001029,0.980000
0.98,38,0.010041,0.011070,0.980177,0.998971,0.001029,0.980000
0.98,39,0.010038,0.011067,0.980177,0.998971,0.001029,0.980000
0.98,40,0.010035,0.011064,0.980177,0.998971,0.001029,0.980000
0.98,41,0.010033,0.011062,0.980177,0.998972,0.001029,0.980000
0.98,42,0.010031,0.011059,0.980177,0.998972,0.001029,0.980000
0.98,43,0.010028,0.011057,0.980177,0.998972,0.001029,0.980000
0.98,44,0.010026,0.011054,0.980090,0.998972,0.001029,0.980000
0.98,45,0.010023,0.011052,0.980090,0.998972,0.001029,0.980000
0.98,46,0.010021,0.011050,0.980090,0.998972,0.001028,0.980000
0.98,47,0.010019,0.011047,0.980003,0.998972,0.001028,0.980000
0.98,48,0.010017,0.011045,0.980003,0.998972,0.001028,0.980000
0.98,49,0.010014,0.011042,0.980003,0.998972,0.001028,0.980000
0.98,50,0.010012,0.011040,0.980003,0.998972,0.001028,0.980000
0.98,51,0.010010,0.011038,0.980003,0.998973,0.001028,0.980000
0.98,52,0.010007,0.011035,0.980003,0.998973,0.001028,0.980000
0.98,53,0.010005,0.011033,0.980003,0.998973,0.001028,0.980000
0.98,54,0.010003,0.011030,0.980003,0.998973,0.001028,0.980000
0.98,55,0.010000,0.011028,0.980003,0.998973,0.001028,0.980000
0.98,56,0.009998,0.011025,0.980090,0.998973,0.001028,0.980000
0.98,57,0.009996,0.011023,0.980177,0.998973,0.001027,0.980000
0.98,58,0.009993,0.011021,0.980177,0.998973,0.001027,0.980000
0.98,59,0.009991,0.011018,0.980177,0.998973,0.001027,0.980000
0.98,60,0.009988,0.011016,0.980177,0.998973,0.001027,0.980000
0.98,61,0.009986,0.011013,0.980177,0.998974,0.001027,0.980000
0.98,62,0.009984,0.011011,0.980177,0.998974,0.001027,0.980000
0.98,63,0.009981,0.011008,0.980177,0.998974,0.001027,0.980000
0.98,64,0.009979,0.011006,0.980177,0.998974,0.001027,0.980000
0.98,65,0.009977,0.011004,0.980177,0.998974,0.001027,0.980000
0.98,66,0.009975,0.011001,0.980177,0.998974,0.001026,0.980000
0.98,67,0.009973,0.010999,0.980177,0.998974,0.001026,0.980000
0.98,68,0.009970,0.010997,0.980177,0.998974,0.001026,0.980000
0.98,69,0.009968,0.010994,0.980177,0.998975,0.001026,0.980000
0.98,70,0.009966,0.010992,0.980177,0.998975,0.001026,0.980000
0.98,71,0.009964,0.010990,0.980263,0.998975,0.001026,0.980000
0.98,72,0.009962,0.010987,0.980350,0.998975,0.001026,0.980000
0.98,73,0.009960,0.010985,0.980436,0.998975,0.001025,0.980000
0.98,74,0.009957,0.010983,0.980523,0.998975,0.001025,0.980000
0.98,75,0.009955,0.010980,0.980523,0.998975,0.001025,0.980000
0.98,76,0.009953,0.010978,0.980436,0.998975,0.001025,0.980000
0.98,77,0.009951,0.010976,0.980436,0.998976,0.001025,0.980000
0.98,78,0.009949,0.010973,0.980436,0.998976,0.001025,0.980000
0.98,79,0.009947,0.010971,0.980436,0.998976,0.001025,0.980000
0.98,80,0.009944,0.010969,0.980436,0.998976,0.001025,0.980000
0.98,81,0.009942,0.010967,0.980436,0.998976,0.001024,0.980000
0.98,82,0.009940,0.010964,0.980523,0.998976,0.001024,0.980000
0.98,83,0.009938,0.010962,0.980350,0.998976,0.001024,0.980000
0.98,84,0.009936,0.010960,0.980263,0.998976,0.001024,0.980000
0.98,85,0.009934,0.010958,0.980350,0.998977,0.001024,0.980000
0.98,86,0.009931,0.010955,0.980350,0.998977,0.001024,0.980000
0.98,87,0.009929,0.010953,0.980350,0.998977,0.001024,0.980000
0.98,88,0.009927,0.010951,0.980350,0.998977,0.001024,0.980000
0.98,89,0.009925,0.010949,0.980436,0.998977,0.001023,0.980000
0.98,90,0.009923,0.010946,0.980436,0.998977,0.001023,0.980000
0.98,91,0.009921,0.010944,0.980436,0.998977,0.001023,0.980000
0.98,92,0.009919,0.010942,0.980350,0.998977,0.001023,0.980000
0.98,93,0.009917,0.010940,0.980350,0.998978,0.001023,0.980000
0.98,94,0.009915,0.010938,0.980350,0.998978,0.001023,0.980000
0.98,95,0.009913,0.010936,0.980350,0.998978,0.001023,0.980000
0.98,96,0.009911,0.010933,0.980350,0.998978,0.001023,0.980000
0.98,97,0.009909,0.010931,0.980350,0.998978,0.001022,0.980000
0.98,98,0.009907,0.010929,0.980436,0.998978,0.001022,0.980000
0.98,99,0.009905,0.010927,0.980436,0.998978,0.001022,0.980000
0.98,100,0.009903,0.010925,0.980436,0.998979,0.001022,0.980000
0.99,1,0.010366,0.010877,0.979224,0.999489,0.000511,0.990000
0.99,2,0.010334,0.010844,0.979398,0.999490,0.000511,0.990000
0.99,3,0.010332,0.010842,0.979571,0.999490,0.000510,0.990000
0.99,4,0.010330,0.010840,0.979830,0.999490,0.000510,0.990000
0.99,5,0.010327,0.010838,0.980003,0.999490,0.000510,0.990000
0.99,6,0.010322,0.010832,0.980003,0.999490,0.000510,0.990000
0.99,7,0.010316,0.010827,0.980003,0.999490,0.000510,0.990000
0.99,8,0.010311,0.010821,0.979830,0.999490,0.000510,0.990000
0.99,9,0.010306,0.010817,0.979571,0.999490,0.000510,0.990000
0.99,10,0.010304,0.010814,0.979830,0.999490,0.000510,0.990000
0.99,11,0.010302,0.010813,0.979657,0.999490,0.000510,0.990000
0.99,12,0.010301,0.010811,0.979571,0.999490,0.000510,0.990000
0.99,13,0.010298,0.010809,0.979571,0.999490,0.000510,0.990000
0.99,14,0.010295,0.010806,0.979657,0.999490,0.000510,0.990000
0.99,15,0.010293,0.010803,0.979744,0.999490,0.000510,0.990000
0.99,16,0.010289,0.010799,0.980003,0.999490,0.000510,0.990000
0.99,17,0.010286,0.010796,0.979917,0.999490,0.000510,0.990000
0.99,18,0.010284,0.010794,0.979830,0.999490,0.000510,0.990000
0.99,19,0.010281,0.010791,0.979744,0.999490,0.000510,0.990000
0.99,20,0.010279,0.010789,0.979744,0.999490,0.000510,0.990000
0.99,21,0.010277,0.010787,0.979830,0.999490,0.000510,0.990000
0.99,22,0.010275,0.010785,0.979830,0.999490,0.000510,0.990000
0.99,23,0.010273,0.010783,0.979830,0.999490,0.000510,0.990000
0.99,24,0.010270,0.010780,0.979917,0.999490,0.000510,0.990000
0.99,25,0.010268,0.010778,0.979830,0.999490,0.000510,0.990000
0.99,26,0.010265,0.010775,0.979830,0.999490,0.000510,0.990000
0.99,27,0.010262,0.010772,0.979917,0.999490,0.000510,0.990000
0.99,28,0.010259,0.010769,0.979744,0.999490,0.000510,0.990000
0.99,29,0.010256,0.010766,0.979830,0.999490,0.000510,0.990000
0.99,30,0.010254,0.010764,0.979830,0.999490,0.000510,0.990000
0.99,31,0.010252,0.010762,0.979744,0.999490,0.000510,0.990000
0.99,32,0.010250,0.010760,0.979917,0.999490,0.000510,0.990000
0.99,33,0.010247,0.010757,0.979917,0.999490,0.000510,0.990000
0.99,34,0.010245,0.010755,0.979917,0.999490,0.000510,0.990000
0.99,35,0.010243,0.010753,0.979830,0.999490,0.000510,0.990000
0.99,36,0.010241,0.010751,0.979917,0.999490,0.000510,0.990000
0.99,37,0.010239,0.010749,0.979917,0.999490,0.000510,0.990000
0.99,38,0.010236,0.010746,0.979917,0.999490,0.000510,0.990000
0.99,39,0.010234,0.010744,0.979917,0.999490,0.000510,0.990000
0.99,40,0.010231,0.010741,0.979830,0.999490,0.000510,0.990000
0.99,41,0.010229,0.010739,0.979830,0.999490,0.000510,0.990000
0.99,42,0.010227,0.010737,0.979744,0.999490,0.000510,0.990000
0.99,43,0.010224,0.010734,0.979744,0.999490,0.000510,0.990000
0.99,44,0.010222,0.010732,0.979657,0.999490,0.000510,0.990000
0.99,45,0.010220,0.010730,0.979744,0.999490,0.000510,0.990000
0.99,46,0.010218,0.010728,0.979744,0.999490,0.000510,0.990000
0.99,47,0.010216,0.010726,0.979744,0.999490,0.000510,0.990000
0.99,48,0.010214,0.010723,0.979744,0.999490,0.000510,0.990000
0.99,49,0.010211,0.010721,0.979744,0.999490,0.000510,0.990000
0.99,50,0.010209,0.010719,0.979744,0.999490,0.000510,0.990000
0.99,51,0.010207,0.010717,0.979744,0.999490,0.000510,0.990000
0.99,52,0.010205,0.010715,0.979744,0.999490,0.000510,0.990000
0.99,53,0.010203,0.010712,0.979744,0.999490,0.000510,0.990000
0.99,54,0.010200,0.010710,0.979744,0.999490,0.000510,0.990000
0.99,55,0.010198,0.010708,0.979744,0.999490,0.000510,0.990000
0.99,56,0.010196,0.010705,0.979830,0.999490,0.000510,0.990000
0.99,57,0.010194,0.010703,0.979744,0.999491,0.000510,0.990000
0.99,58,0.010192,0.010701,0.979830,0.999491,0.000510,0.990000
0.99,59,0.010190,0.010699,0.979830,0.999491,0.000510,0.990000
0.99,60,0.010187,0.010697,0.979830,0.999491,0.000510,0.990000
0.99,61,0.010185,0.010695,0.979830,0.999491,0.000510,0.990000
0.99,62,0.010183,0.010693,0.979830,0.999491,0.000510,0.990000
0.99,63,0.010181,0.010691,0.979830,0.999491,0.000509,0.990000
0.99,64,0.010179,0.010688,0.979830,0.999491,0.000509,0.990000
0.99,65,0.010177,0.010686,0.979830,0.999491,0.000509,0.990000
0.99,66,0.010175,0.010684,0.979830,0.999491,0.000509,0.990000
0.99,67,0.010173,0.010682,0.979830,0.999491,0.000509,0.990000
0.99,68,0.010171,0.010680,0.979744,0.999491,0.000509,0.990000
0.99,69,0.010168,0.010678,0.979830,0.999491,0.000509,0.990000
0.99,70,0.010167,0.010676,0.979917,0.999491,0.000509,0.990000
0.99,71,0.010164,0.010673,0.979830,0.999491,0.000509,0.990000
0.99,72,0.010162,0.010671,0.979830,0.999491,0.000509,0.990000
0.99,73,0.010160,0.010669,0.979830,0.999491,0.000509,0.990000
0.99,74,0.010158,0.010667,0.979830,0.999491,0.000509,0.990000
0.99,75,0.010156,0.010665,0.979830,0.999491,0.000509,0.990000
0.99,76,0.010154,0.010663,0.979830,0.999491,0.000509,0.990000
0.99,77,0.010152,0.010661,0.979830,0.999491,0.000509,0.990000
0.99,78,0.010150,0.010659,0.979830,0.999491,0.000509,0.990000
0.99,79,0.010148,0.010657,0.979830,0.999491,0.000509,0.990000
0.99,80,0.010146,0.010655,0.979830,0.999491,0.000509,0.990000
0.99,81,0.010144,0.010652,0.979830,0.999491,0.000509,0.990000
0.99,82,0.010142,0.010650,0.979744,0.999491,0.000509,0.990000
0.99,83,0.010139,0.010648,0.979744,0.999491,0.000509,0.990000
0.99,84,0.010137,0.010646,0.979744,0.999491,0.000509,0.990000
0.99,85,0.010135,0.010644,0.979744,0.999491,0.000509,0.990000
0.99,86,0.010133,0.010642,0.979744,0.999491,0.000509,0.990000
0.99,87,0.010131,0.010640,0.979744,0.999491,0.000509,0.990000
0.99,88,0.010129,0.010638,0.979744,0.999491,0.000509,0.990000
0.99,89,0.010127,0.010636,0.979657,0.999492,0.000509,0.990000
0.99,90,0.010125,0.010634,0.979657,0.999492,0.000509,0.990000
0.99,91,0.010123,0.010632,0.979744,0.999492,0.000509,0.990000
0.99,92,0.010122,0.010630,0.979744,0.999492,0.000509,0.990000
0.99,93,0.010120,0.010628,0.979744,0.999492,0.000508,0.990000
0.99,94,0.010118,0.010626,0.979830,0.999492,0.000508,0.990000
0.99,95,0.010116,0.010624,0.979830,0.999492,0.000508,0.990000
0.99,96,0.010114,0.010622,0.979744,0.999492,0.000508,0.990000
0.99,97,0.010112,0.010620,0.979744,0.999492,0.000508,0.990000
0.99,98,0.010110,0.010618,0.979744,0.999492,0.000508,0.990000
0.99,99,0.010108,0.010616,0.979830,0.999492,0.000508,0.990000
0.99,100,0.010106,0.010614,0.979830,0.999492,0.000508,0.990000
1.0,1,0.010602,0.010602,0.978792,1.000000,0.000000,1.000000
1.0,2,0.010574,0.010574,0.979398,1.000000,0.000000,1.000000
1.0,3,0.010570,0.010570,0.979311,1.000000,0.000000,1.000000
1.0,4,0.010569,0.010569,0.979571,1.000000,0.000000,1.000000
1.0,5,0.010564,0.010564,0.979571,1.000000,0.000000,1.000000
1.0,6,0.010557,0.010557,0.979484,1.000000,0.000000,1.000000
1.0,7,0.010552,0.010552,0.979398,1.000000,0.000000,1.000000
1.0,8,0.010545,0.010545,0.979484,1.000000,0.000000,1.000000
1.0,9,0.010543,0.010543,0.979484,1.000000,0.000000,1.000000
1.0,10,0.010542,0.010542,0.979484,1.000000,0.000000,1.000000
1.0,11,0.010540,0.010540,0.979484,1.000000,0.000000,1.000000
1.0,12,0.010537,0.010537,0.979484,1.000000,0.000000,1.000000
1.0,13,0.010534,0.010534,0.979657,1.000000,0.000000,1.000000
1.0,14,0.010530,0.010530,0.979744,1.000000,0.000000,1.000000
1.0,15,0.010528,0.010528,0.979657,1.000000,0.000000,1.000000
1.0,16,0.010523,0.010523,0.979657,1.000000,0.000000,1.000000
1.0,17,0.010520,0.010520,0.979571,1.000000,0.000000,1.000000
1.0,18,0.010518,0.010518,0.979484,1.000000,0.000000,1.000000
1.0,19,0.010516,0.010516,0.979311,1.000000,0.000000,1.000000
1.0,20,0.010514,0.010514,0.979311,1.000000,0.000000,1.000000
1.0,21,0.010512,0.010512,0.979311,1.000000,0.000000,1.000000
1.0,22,0.010510,0.010510,0.979224,1.000000,0.000000,1.000000
1.0,23,0.010507,0.010507,0.979311,1.000000,0.000000,1.000000
1.0,24,0.010504,0.010504,0.979311,1.000000,0.000000,1.000000
1.0,25,0.010501,0.010501,0.979398,1.000000,0.000000,1.000000
1.0,26,0.010498,0.010498,0.979398,1.000000,0.000000,1.000000
1.0,27,0.010496,0.010496,0.979484,1.000000,0.000000,1.000000
1.0,28,0.010493,0.010493,0.979657,1.000000,0.000000,1.000000
1.0,29,0.010490,0.010490,0.979657,1.000000,0.000000,1.000000
1.0,30,0.010488,0.010488,0.979571,1.000000,0.000000,1.000000
1.0,31,0.010486,0.010486,0.979571,1.000000,0.000000,1.000000
1.0,32,0.010484,0.010484,0.979398,1.000000,0.000000,1.000000
1.0,33,0.010481,0.010481,0.979398,1.000000,-0.000000,1.000000
1.0,34,0.010479,0.010479,0.979484,1.000000,-0.000000,1.000000
1.0,35,0.010477,0.010477,0.979571,1.000000,-0.000000,1.000000
1.0,36,0.010475,0.010475,0.979571,1.000000,-0.000000,1.000000
1.0,37,0.010472,0.010472,0.979484,1.000000,-0.000000,1.000000
1.0,38,0.010470,0.010470,0.979484,1.000000,-0.000000,1.000000
1.0,39,0.010468,0.010468,0.979571,1.000000,-0.000000,1.000000
1.0,40,0.010465,0.010465,0.979657,1.000000,-0.000000,1.000000
1.0,41,0.010462,0.010462,0.979571,1.000000,-0.000000,1.000000
1.0,42,0.010460,0.010460,0.979484,1.000000,-0.000000,1.000000
1.0,43,0.010458,0.010458,0.979484,1.000000,-0.000000,1.000000
1.0,44,0.010456,0.010456,0.979571,1.000000,-0.000000,1.000000
1.0,45,0.010454,0.010454,0.979571,1.000000,-0.000000,1.000000
1.0,46,0.010451,0.010451,0.979484,1.000000,-0.000000,1.000000
1.0,47,0.010449,0.010449,0.979484,1.000000,-0.000000,1.000000
1.0,48,0.010447,0.010447,0.979484,1.000000,-0.000000,1.000000
1.0,49,0.010445,0.010445,0.979571,1.000000,-0.000000,1.000000
1.0,50,0.010442,0.010442,0.979571,1.000000,-0.000000,1.000000
1.0,51,0.010440,0.010440,0.979571,1.000000,-0.000000,1.000000
1.0,52,0.010438,0.010438,0.979484,1.000000,-0.000000,1.000000
1.0,53,0.010436,0.010436,0.979484,1.000000,-0.000000,1.000000
1.0,54,0.010434,0.010434,0.979571,1.000000,-0.000000,1.000000
1.0,55,0.010431,0.010431,0.979744,1.000000,-0.000000,1.000000
1.0,56,0.010429,0.010429,0.979657,1.000000,-0.000000,1.000000
1.0,57,0.010427,0.010427,0.979657,1.000000,-0.000000,1.000000
1.0,58,0.010425,0.010425,0.979657,1.000000,-0.000000,1.000000
1.0,59,0.010423,0.010423,0.979657,1.000000,-0.000000,1.000000
1.0,60,0.010421,0.010421,0.979657,1.000000,-0.000000,1.000000
1.0,61,0.010418,0.010418,0.979657,1.000000,-0.000000,1.000000
1.0,62,0.010416,0.010416,0.979657,1.000000,-0.000000,1.000000
1.0,63,0.010414,0.010414,0.979657,1.000000,-0.000000,1.000000
1.0,64,0.010412,0.010412,0.979571,1.000000,-0.000000,1.000000
1.0,65,0.010410,0.010410,0.979744,1.000000,-0.000000,1.000000
1.0,66,0.010407,0.010407,0.979744,1.000000,-0.000000,1.000000
1.0,67,0.010406,0.010406,0.979830,1.000000,-0.000000,1.000000
1.0,68,0.010403,0.010403,0.979571,1.000000,-0.000000,1.000000
1.0,69,0.010401,0.010401,0.979571,1.000000,-0.000000,1.000000
1.0,70,0.010399,0.010399,0.979484,1.000000,-0.000000,1.000000
1.0,71,0.010397,0.010397,0.979398,1.000000,-0.000000,1.000000
1.0,72,0.010395,0.010395,0.979397,1.000000,-0.000000,1.000000
1.0,73,0.010393,0.010393,0.979397,1.000000,-0.000000,1.000000
1.0,74,0.010391,0.010391,0.979484,1.000000,-0.000000,1.000000
1.0,75,0.010389,0.010389,0.979484,1.000000,-0.000000,1.000000
1.0,76,0.010387,0.010387,0.979484,1.000000,-0.000000,1.000000
1.0,77,0.010384,0.010384,0.979571,1.000000,-0.000000,1.000000
1.0,78,0.010382,0.010382,0.979571,1.000000,-0.000000,1.000000
1.0,79,0.010380,0.010380,0.979657,1.000000,-0.000000,1.000000
1.0,80,0.010378,0.010378,0.979744,1.000000,-0.000000,1.000000
1.0,81,0.010376,0.010376,0.979744,1.000000,-0.000000,1.000000
1.0,82,0.010374,0.010374,0.979744,1.000000,-0.000000,1.000000
1.0,83,0.010372,0.010372,0.979744,1.000000,-0.000000,1.000000
1.0,84,0.010370,0.010370,0.979744,1.000000,-0.000000,1.000000
1.0,85,0.010368,0.010368,0.979744,1.000000,-0.000000,1.000000
1.0,86,0.010366,0.010366,0.979744,1.000000,-0.000000,1.000000
1.0,87,0.010364,0.010364,0.979830,1.000000,-0.000000,1.000000
1.0,88,0.010362,0.010362,0.979830,1.000000,-0.000000,1.000000
1.0,89,0.010360,0.010360,0.979830,1.000000,-0.000000,1.000000
1.0,90,0.010358,0.010358,0.979830,1.000000,-0.000000,1.000000
1.0,91,0.010356,0.010356,0.979830,1.000000,-0.000000,1.000000
1.0,92,0.010354,0.010354,0.979830,1.000000,-0.000000,1.000000
1.0,93,0.010352,0.010352,0.979830,1.000000,-0.000000,1.000000
1.0,94,0.010350,0.010350,0.979744,1.000000,-0.000000,1.000000
1.0,95,0.010348,0.010348,0.979744,1.000000,-0.000000,1.000000
1.0,96,0.010346,0.010346,0.979830,1.000000,-0.000000,1.000000
1.0,97,0.010344,0.010344,0.979830,1.000000,-0.000000,1.000000
1.0,98,0.010342,0.010342,0.979830,1.000000,-0.000000,1.000000
1.0,99,0.010340,0.010340,0.979830,1.000000,-0.000000,1.000000
1.0,100,0.010338,0.010338,0.979830,1.000000,-0.000000,1.000000
